	/*
		注意：user表格的插入數據是程式自動生成，user表要有數據才能執行part2! 不然就會報錯!
		如果不想插入測試數據可以先不執行part2!
	*/

USE HealthManagement
GO

-- 插入測試數據
-- 插入 user_point 數據 (20筆)
INSERT INTO [user_point] ([user_id], [points], [last_updated])
VALUES (1, 100, '2023-01-15 09:30:00'),
       (2, 500, '2023-01-16 10:15:00'),
       (3, 200, '2023-01-17 14:20:00'),
       (4, 300, '2023-01-18 16:45:00'),
       (5, 150, '2023-01-19 08:10:00'),
       (6, 50, '2023-01-20 11:30:00'),
       (7, 250, '2023-01-21 13:15:00'),
       (8, 350, '2023-01-22 15:40:00'),
       (9, 400, '2023-01-23 17:25:00'),
       (10, 450, '2023-01-24 19:00:00'),
       (11, 120, '2023-01-25 20:35:00'),
       (12, 220, '2023-01-26 09:50:00'),
       (13, 320, '2023-01-27 11:15:00'),
       (14, 420, '2023-01-28 14:30:00'),
       (15, 520, '2023-01-29 16:45:00'),
       (16, 620, '2023-01-30 18:10:00'),
       (17, 720, '2023-01-31 20:35:00'),
       (18, 820, '2023-02-01 09:00:00'),
       (19, 920, '2023-02-02 11:25:00'),
       (20, 1020, '2023-02-03 13:50:00')
GO

-- 插入 product 數據 (20筆)
    INSERT INTO [product] ([name], [description], [price], [stock_quantity], [category], [image_url])
    VALUES
        ('蛋白粉', '乳清蛋白粉，巧克力口味', 1200.00, 100, '營養補充品', 'https://images.pexels.com/photos/1212845/pexels-photo-1212845.jpeg?auto=compress&cs=tinysrgb&w=1260&h=750&dpr=1'),
        ('健身手套', '防滑透氣健身手套', 450.00, 50, '健身裝備', 'https://images.pexels.com/photos/705047/pexels-photo-705047.jpeg?auto=compress&cs=tinysrgb&w=600'),
        ('瑜伽墊', '加厚防滑瑜伽墊', 800.00, 30, '瑜伽用品', 'https://images.pexels.com/photos/2394051/pexels-photo-2394051.jpeg?auto=compress&cs=tinysrgb&w=600'),
        ('啞鈴組', '可調節重量啞鈴組', 2500.00, 20, '重訓器材', 'https://images.pexels.com/photos/4164849/pexels-photo-4164849.jpeg?auto=compress&cs=tinysrgb&w=600'),
        ('彈力帶', '5種阻力彈力帶組', 600.00, 40, '健身裝備', 'https://images.pexels.com/photos/7479769/pexels-photo-7479769.jpeg?auto=compress&cs=tinysrgb&w=600'),
        ('跳繩', '競速跳繩', 300.00, 60, '有氧器材', 'https://images.pexels.com/photos/45056/pexels-photo-45056.jpeg?auto=compress&cs=tinysrgb&w=600'),
        ('健身腰帶', '舉重腰帶', 900.00, 25, '健身裝備', 'https://images.pexels.com/photos/5327461/pexels-photo-5327461.jpeg?auto=compress&cs=tinysrgb&w=600'),
        ('運動水壺', '750ml運動水壺', 350.00, 80, '健身配件', 'https://images.pexels.com/photos/29495729/pexels-photo-29495729.jpeg?auto=compress&cs=tinysrgb&w=600'),
        ('健身服套裝', '透氣排汗健身服', 1200.00, 35, '運動服飾', 'https://images.pexels.com/photos/8520537/pexels-photo-8520537.jpeg?auto=compress&cs=tinysrgb&w=600'),
        ('運動襪', '防滑運動襪3雙組', 250.00, 90, '運動服飾', 'https://images.pexels.com/photos/5730956/pexels-photo-5730956.jpeg?auto=compress&cs=tinysrgb&w=600'),
        ('健身背包', '多功能健身背包', 1500.00, 15, '健身配件', 'https://images.pexels.com/photos/532803/pexels-photo-532803.jpeg?auto=compress&cs=tinysrgb&w=600'),
        ('健身滾筒', '高密度泡沫滾筒', 700.00, 30, '恢復裝備', 'https://images.pexels.com/photos/8033019/pexels-photo-8033019.jpeg?auto=compress&cs=tinysrgb&w=600'),
        ('運動毛巾', '速乾運動毛巾', 200.00, 70, '健身配件', 'https://images.pexels.com/photos/5038863/pexels-photo-5038863.jpeg?auto=compress&cs=tinysrgb&w=600'),
        ('健身日誌', '健身記錄本', 180.00, 50, '健身配件', 'https://images.pexels.com/photos/4068029/pexels-photo-4068029.jpeg?auto=compress&cs=tinysrgb&w=600'),
        ('心率錶', '藍牙心率監測錶', 2800.00, 10, '運動電子產品', 'https://images.pexels.com/photos/267394/pexels-photo-267394.jpeg?auto=compress&cs=tinysrgb&w=600'),
        ('健身APP會員', '一年期健身APP會員', 1200.00, 999, '數位服務', 'https://images.pexels.com/photos/230544/pexels-photo-230544.jpeg?auto=compress&cs=tinysrgb&w=600'),
        ('運動耳機', '無線運動耳機', 1600.00, 20, '運動電子產品', 'https://images.pexels.com/photos/375751/pexels-photo-375751.jpeg?auto=compress&cs=tinysrgb&w=600'),
        ('健身課程DVD', '全套健身課程DVD', 950.00, 15, '教學資源', 'https://images.pexels.com/photos/4734714/pexels-photo-4734714.jpeg?auto=compress&cs=tinysrgb&w=600'),
        ('健身書籍', '健身營養全書', 550.00, 25, '教學資源', 'https://images.pexels.com/photos/4219037/pexels-photo-4219037.jpeg?auto=compress&cs=tinysrgb&w=600'),
        ('運動護腕', '支撐型運動護腕', 380.00, 40, '健身裝備', 'https://images.pexels.com/photos/1432039/pexels-photo-1432039.jpeg?auto=compress&cs=tinysrgb&w=600')
    GO

-- 插入 course 數據 (30筆)
INSERT INTO [course] ([name], [description], [day_of_week], [start_time], [coach_id], [duration], [max_capacity], [offers_trial_option], [max_trial_capacity])
VALUES
('基礎瑜伽 A班', '適合初學者，專注安全有效的體位法練習，建立穩固瑜伽基礎，幫助身心平衡。', 1, '09:00:00', 22, 60, 15, 0, NULL), -- 週一 09:00, 教練ID 22, 常規課程
('高強度間歇訓練 (HIIT)', '極致燃脂！短時間高強度運動迅速提升心肺與代謝，高效達成健身目標。', 1, '18:30:00', 23, 45, 20, 0, NULL), -- 週一 18:30, 教練ID 23, 常規課程
('皮拉提斯', '強化核心肌群，改善身體姿態、提升穩定性與柔軟度，有效雕塑身形。', 2, '10:00:00', 24, 60, 12, 0, NULL), -- 週二 10:00, 教練ID 24, 常規課程
('Zumba 舞蹈', '熱情拉丁舞步結合有氧，在歡樂中高效燃燒卡路里，享受運動樂趣。', 2, '19:00:00', 25, 75, 25, 0, NULL), -- 週二 19:00, 教練ID 25, 常規課程
('循環肌力訓練', '全身器材循環訓練，提升肌力、肌耐力與燃脂效率，達到全身均衡發展。', 3, '11:30:00', 26, 60, 18, 0, NULL), -- 週三 11:30, 教練ID 26, 常規課程
('拳擊有氧', '結合拳擊基本動作與高強度有氧，提升心肺、協調性與爆脂力。', 3, '20:00:00', 27, 75, 22, 0, NULL), -- 週三 20:00, 教練ID 27, 常規課程
('伸展與放鬆', '深度全身伸展，緩解肌肉緊繃、改善僵硬，幫助身體恢復彈性與活力。', 4, '14:00:00', 28, 60, 10, 0, NULL), -- 週四 14:00, 教練ID 28, 常規課程
('進階瑜伽 B班', '為有基礎者設計，挑戰複雜體位與串聯，深入探索身心連結，提升練習深度。', 4, '19:30:00', 29, 90, 15, 0, NULL), -- 週四 19:30, 教練ID 29, 常規課程
('核心肌群訓練', '專注腹部與背部肌群強化，提升所有運動表現和預防傷害。', 5, '07:00:00', 30, 45, 15, 0, NULL), -- 週五 07:00, 教練ID 30, 常規課程
('體能訓練營', '全面提升身體素質，包含力量、速度、敏捷性等多方面綜合訓練。', 5, '18:00:00', 31, 90, 20, 0, NULL), -- 週五 18:00, 教練ID 31, 常規課程
-- 插入一些體驗課程
('基礎瑜伽', '初次體驗瑜伽！輕鬆學習基礎體位法，感受身心平衡，免費預約。', 1, '10:30:00', 22, 60, 10, 1, 5), -- 週一 10:30, 教練ID 22, 體驗課程
('HIIT', '想嘗試 HIIT？快速入門，感受高效率燃脂暢快淋漓，免費試上！', 1, '17:00:00', 23, 45, 15, 1, 8), -- 週一 17:00, 教練ID 23, 體驗課程
('皮拉提斯', '免費體驗皮拉提斯！感受核心力量啟動，探索身體姿態改善。立即預約！', 2, '11:30:00', 24, 60, 10, 1, 4), -- 週二 11:30, 教練ID 24, 體驗課程
('Zumba', '免費加入活力舞蹈派對！無需基礎，跟隨節奏舞動，快樂流汗。立即報名！', 2, '20:30:00', 25, 75, 20, 1, 10), -- 週二 20:30, 教練ID 25, 體驗課程
('循環訓練', '免費試上循環肌力！短時間高效鍛鍊全身，感受力量提升。名額有限！', 3, '13:00:00', 26, 60, 15, 1, 7), -- 週三 13:00, 教練ID 26, 體驗課程
-- 繼續插入常規課程
('拳擊基礎班', '扎實學習拳擊基本技巧、站姿、步法與防禦，建立穩固基石。', 4, '10:30:00', 27, 60, 18, 0, NULL), -- 週四 10:30, 教練ID 27
('游泳技巧提升', '優化游泳姿勢與換氣，提升水中效率和耐力，讓您輕鬆暢游。', 4, '21:00:00', 28, 60, 10, 0, NULL), -- 週四 21:00, 教練ID 28
('功能性訓練', '模擬日常生活動作，提升身體實用力量、穩定性與協調性，預防傷害。', 5, '08:30:00', 29, 60, 16, 0, NULL), -- 週五 08:30, 教練ID 29
('槓鈴訓練', '安全有效使用槓鈴，掌握深蹲、硬舉等基本動作，打下力量基礎。', 5, '19:30:00', 30, 90, 14, 0, NULL), -- 週五 19:30, 教練ID 30
('晨間瑜伽', '週末早晨溫和瑜伽，喚醒身心，提升柔軟度與內在平衡。', 6, '08:00:00', 31, 75, 15, 0, NULL), -- 週六 08:00, 教練ID 31
('舒展有氧', '輕鬆週末有氧，高效燃燒熱量，釋放壓力，享受運動快樂。', 6, '15:00:00', 22, 60, 20, 0, NULL), -- 週六 15:00, 教練ID 22
('燃脂訓練', '週末高效燃脂衝刺，最大化卡路里消耗，為下一週注入活力。', 0, '10:00:00', 23, 60, 18, 0, NULL), -- 週日 10:00, 教練ID 23
('伸展工作坊', '週日午後深度伸展，舒緩全身，釋放緊繃，提升整體靈活性。', 0, '16:00:00', 24, 90, 12, 0, NULL), -- 週日 16:00, 教練ID 24
-- 繼續插入更多課程
('TRX懸吊訓練', '利用 TRX 懸吊帶進行全身訓練，挑戰平衡與核心穩定，提升肌力耐力。', 1, '15:00:00', 25, 60, 12, 0, NULL), -- 週一 15:00, 教練ID 25
('Kettlebell壺鈴訓練', '學習壺鈴獨特訓練，提升全身爆發力、肌耐力與心肺功能。', 2, '07:30:00', 26, 45, 10, 0, NULL), -- 週二 07:30, 教練ID 26
('飛輪課程 A班', '體驗室內自行車極速快感，模擬路況強度，高效燃燒卡路里。', 3, '17:00:00', 27, 60, 30, 0, NULL), -- 週三 17:00, 教練ID 27
('兒童體適能', '專為兒童設計的趣味運動，提升協調、平衡與運動能力，快樂成長。', 4, '16:00:00', 28, 60, 15, 0, NULL), -- 週四 16:00, 教練ID 28
('高齡肌力訓練', '長者安全有效肌力提升，改善肌肉流失，提升生活品質與獨立性。', 5, '10:00:00', 29, 60, 10, 0, NULL), -- 週五 10:00, 教練ID 29
-- 插入更多體驗課程
('TRX', '免費體驗 TRX 懸吊訓練！感受多角度訓練與深層肌群啟動。立即預約！', 1, '16:30:00', 25, 60, 10, 1, 5), -- 週一 16:30, 教練ID 25, 體驗課程 (TRX)
('壺鈴訓練', '免費試上壺鈴基礎！學習安全動作，感受力量與爆發力提升。親自體驗！', 2, '08:30:00', 26, 45, 8, 1, 4), -- 週二 08:30, 教練ID 26, 體驗課程 (壺鈴訓練)
('兒童體適能', '免費讓孩子愛上運動！趣味體適能活動，提升身體協調性與自信。', 4, '17:30:00', 28, 60, 10, 1, 5); -- 週四 17:30, 教練ID 28, 體驗課程 (兒童體適能)

-- 插入 [enrollment] 數據 (30筆)
INSERT INTO [enrollment] ([user_id], [course_id], [enrollment_time], [status])
VALUES
-- 課程 5: 已報名 (18筆, 額滿) - 使用者 ID 3 到 20
(3, 5, '2025-03-01 09:00:00', '已報名'),
(4, 5, '2025-03-01 09:05:00', '已報名'),
(5, 5, '2025-03-01 09:10:00', '已報名'),
(6, 5, '2025-03-01 09:15:00', '已報名'),
(7, 5, '2025-03-01 09:20:00', '已報名'),
(8, 5, '2025-03-01 09:25:00', '已報名'),
(9, 5, '2025-03-01 09:30:00', '已報名'),
(10, 5, '2025-03-01 09:35:00', '已報名'),
(11, 5, '2025-03-01 09:40:00', '已報名'),
(12, 5, '2025-03-01 09:45:00', '已報名'),
(13, 5, '2025-03-01 09:50:00', '已報名'),
(14, 5, '2025-03-01 09:55:00', '已報名'),
(15, 5, '2025-03-01 10:00:00', '已報名'),
(16, 5, '2025-03-01 10:05:00', '已報名'),
(17, 5, '2025-03-01 10:10:00', '已報名'),
(18, 5, '2025-03-01 10:15:00', '已報名'),
(19, 5, '2025-03-01 10:20:00', '已報名'),
(20, 5, '2025-03-01 10:25:00', '已報名'), -- 第 18 筆已報名，課程已額滿 (Max 18)
-- 課程 5: 候補中 (2筆) - 使用者 ID 3 和 4 繼續嘗試報名，進入候補
(3, 5, '2025-03-01 10:30:00', '候補中'), -- 額滿後的候補
(4, 5, '2025-03-01 10:35:00', '候補中'), -- 額滿後的候補
-- 剩餘 10 筆記錄，用於其他課程，混合狀態，user_id 在 3 到 20 之間
(5, 1, '2025-03-05 11:00:00', '已完成'),
(6, 2, '2025-03-06 12:00:00', '已報名'),
(7, 3, '2025-03-07 13:00:00', '已取消'),
(8, 4, '2025-03-08 14:00:00', '已完成'),
(9, 6, '2025-03-09 15:00:00', '已報名'),
(10, 7, '2025-03-10 16:00:00', '已報名'),
(11, 8, '2025-03-11 17:00:00', '已完成'),
(12, 9, '2025-03-12 18:00:00', '已取消'),
(13, 10, '2025-03-13 19:00:00', '已報名'),
(14, 11, '2025-03-14 20:00:00', '已報名');
GO

-- 插入 [trial_booking] 數據 (30筆)
INSERT INTO [trial_booking] ([user_id], [course_id], [booking_name], [booking_phone], [booking_date], [booking_status], [booked_at])
VALUES
-- -- user_id 範圍在 3 到 20，Guest使用者(ID 2)
(2, 11, 'Guest', '0911-000002', '2025-05-05', '已預約', '2025-04-20 10:00:00'), -- Course 11 (Mon 10:30), 2025-05-05
(2, 12, 'Guest', '0911-000002', '2025-05-05', '已預約', '2025-04-21 11:00:00'), -- Course 12 (Mon 17:00), 2025-05-05
(2, 13, 'Guest', '0911-000002', '2025-05-06', '已預約', '2025-04-22 14:00:00'), -- Course 13 (Tue 11:30), 2025-05-06
(2, 14, 'Guest', '0911-000002', '2025-05-06', '已預約', '2025-04-23 09:00:00'), -- Course 14 (Tue 20:30), 2025-05-06
(2, 15, 'Guest', '0911-000002', '2025-05-07', '已預約', '2025-04-24 15:00:00'), -- Course 15 (Wed 13:00), 2025-05-07
-- course_id 使用體驗課程 ID 循環
(8, 29, '測試用戶3', '0911-123008', '2025-05-12', '已預約', '2025-04-25 10:00:00'), -- Course 29 (Mon 16:30), 2025-05-12
(9, 30, '測試用戶4', '0911-123009', '2025-05-13', '已預約', '2025-04-26 11:00:00'), -- Course 30 (Tue 08:30), 2025-05-13
(10, 31, '測試用戶5', '0911-123010', '2025-05-15', '已預約', '2025-04-27 14:00:00'), -- Course 31 (Thu 17:30), 2025-05-15
(11, 11, '測試用戶6', '0911-123011', '2025-05-19', '已預約', '2025-04-28 09:00:00'), -- Course 11 (Mon 10:30), 2025-05-19
(12, 12, '測試用戶7', '0911-123012', '2025-05-19', '已預約', '2025-04-29 15:00:00'), -- Course 12 (Mon 17:00), 2025-05-19
(13, 13, '測試用戶8', '0911-123013', '2025-05-20', '已取消', '2025-05-01 10:00:00'), -- Course 13 (Tue 11:30), 2025-05-20, 已取消
(14, 14, '測試用戶9', '0911-123014', '2025-05-20', '已預約', '2025-05-02 11:00:00'), -- Course 14 (Tue 20:30), 2025-05-20
(15, 15, '測試用戶10', '0911-123015', '2025-05-21', '已預約', '2025-05-03 12:00:00'), -- Course 15 (Wed 13:00), 2025-05-21
(16, 29, '測試用戶11', '0911-123016', '2025-05-26', '已預約', '2025-05-04 13:00:00'), -- Course 29 (Mon 16:30), 2025-05-26
(17, 30, '測試用戶12', '0911-123017', '2025-05-27', '已預約', '2025-05-05 14:00:00'), -- Course 30 (Tue 08:30), 2025-05-27
(18, 31, '測試用戶13', '0911-123018', '2025-05-29', '已預約', '2025-05-06 15:00:00'), -- Course 31 (Thu 17:30), 2025-05-29
(19, 11, '測試用戶14', '0911-123019', '2025-06-02', '已預約', '2025-05-07 10:00:00'), -- Course 11 (Mon 10:30), 2025-06-02
(20, 12, '測試用戶15', '0911-123020', '2025-06-02', '已取消', '2025-05-08 11:00:00'), -- Course 12 (Mon 17:00), 2025-06-02, 已取消
-- 過去的預約 (已完成/未到場/已取消) - 日期在 2025-03 或 2025-04
(3, 13, '龍哥', '0911-123003', '2025-03-04', '已完成', '2025-02-20 10:00:00'), -- Course 13 (Tue 11:30), 2025-03-04, 已完成
(4, 14, '狗仔', '0911-123004', '2025-03-04', '未到場', '2025-02-21 11:00:00'), -- Course 14 (Tue 20:30), 2025-03-04, 未到場
(5, 15, '大哥2', '0911-123005', '2025-03-05', '已完成', '2025-02-22 14:00:00'), -- Course 15 (Wed 13:00), 2025-03-05, 已完成
(6, 29, '測試用戶1', '0911-123006', '2025-03-10', '未到場', '2025-02-23 09:00:00'), -- Course 29 (Mon 16:30), 2025-03-10, 未到場
(7, 30, '測試用戶2', '0911-123007', '2025-03-11', '已完成', '2025-02-24 15:00:00'), -- Course 30 (Tue 08:30), 2025-03-11, 已完成
(8, 31, '測試用戶3', '0911-123008', '2025-03-13', '已完成', '2025-02-25 10:00:00'), -- Course 31 (Thu 17:30), 2025-03-13, 已完成
(9, 11, '測試用戶4', '0911-123009', '2025-03-17', '未到場', '2025-02-26 11:00:00'), -- Course 11 (Mon 10:30), 2025-03-17, 未到場
(10, 12, '測試用戶5', '0911-123010', '2025-03-17', '已完成', '2025-02-27 14:00:00'), -- Course 12 (Mon 17:00), 2025-03-17, 已完成
(11, 13, '測試用戶6', '0911-123011', '2025-03-18', '已取消', '2025-03-01 10:00:00'), -- Course 13 (Tue 11:30), 2025-03-18, 已取消
(12, 14, '測試用戶7', '0911-123012', '2025-03-18', '已完成', '2025-03-02 11:00:00'), -- Course 14 (Tue 20:30), 2025-03-18, 已完成
(13, 15, '測試用戶8', '0911-123013', '2025-03-19', '未到場', '2025-03-03 12:00:00'), -- Course 15 (Wed 13:00), 2025-03-19, 未到場
(14, 29, '測試用戶9', '0911-123014', '2025-03-24', '已完成', '2025-03-04 13:00:00'), -- Course 29 (Mon 16:30), 2025-03-24, 已完成
(15, 30, '測試用戶10', '0911-123015', '2025-03-25', '已完成', '2025-03-05 14:00:00'); -- Course 30 (Tue 08:30), 2025-03-25, 已完成
GO

-- 插入 order 數據 (20筆)
INSERT INTO [order] ([user_id], [total_amount], [status], [created_at])
VALUES (1, 1200.00, 'completed', '2023-02-01 10:00:00'),
       (2, 1650.00, 'completed', '2023-02-02 11:15:00'),
       (3, 800.00, 'completed', '2023-02-03 14:30:00'),
       (4, 2500.00, 'pending', '2023-02-04 16:45:00'),
       (5, 600.00, 'completed', '2023-02-05 08:10:00'),
       (6, 300.00, 'completed', '2023-02-06 11:30:00'),
       (7, 900.00, 'completed', '2023-02-07 13:15:00'),
       (8, 350.00, 'completed', '2023-02-08 15:40:00'),
       (9, 1200.00, 'completed', '2023-02-09 17:25:00'),
       (10, 250.00, 'completed', '2023-02-10 19:00:00'),
       (11, 1500.00, 'pending', '2023-02-11 20:35:00'),
       (12, 700.00, 'completed', '2023-02-12 09:50:00'),
       (13, 200.00, 'completed', '2023-02-13 11:15:00'),
       (14, 180.00, 'completed', '2023-02-14 14:30:00'),
       (15, 2800.00, 'completed', '2023-02-15 16:45:00'),
       (16, 1200.00, 'completed', '2023-02-16 18:10:00'),
       (17, 1600.00, 'completed', '2023-02-17 20:35:00'),
       (18, 950.00, 'pending', '2023-02-18 09:00:00'),
       (19, 550.00, 'completed', '2023-02-19 11:25:00'),
       (20, 380.00, 'completed', '2023-02-20 13:50:00')
GO

-- 插入 order_item 數據 (20筆)
INSERT INTO [order_item] ([order_id], [product_id], [quantity], [subtotal])
VALUES (1, 1, 1, 1200.00),
       (2, 2, 1, 450.00),
       (2, 9, 1, 1200.00),
       (3, 3, 1, 800.00),
       (4, 4, 1, 2500.00),
       (5, 5, 1, 600.00),
       (6, 6, 1, 300.00),
       (7, 7, 1, 900.00),
       (8, 8, 1, 350.00),
       (9, 9, 1, 1200.00),
       (10, 10, 1, 250.00),
       (11, 11, 1, 1500.00),
       (12, 12, 1, 700.00),
       (13, 13, 1, 200.00),
       (14, 14, 1, 180.00),
       (15, 15, 1, 2800.00),
       (16, 16, 1, 1200.00),
       (17, 17, 1, 1600.00),
       (18, 18, 1, 950.00),
       (19, 19, 1, 550.00),
       (20, 20, 1, 380.00)
GO

-- 插入 cart_item 數據 (20筆)
INSERT INTO [cart_item] ([user_id], [product_id], [quantity], [added_at])
VALUES (1, 1, 1, '2023-02-21 10:00:00'),
       (2, 2, 1, '2023-02-21 11:15:00'),
       (3, 3, 1, '2023-02-21 14:30:00'),
       (4, 4, 1, '2023-02-21 16:45:00'),
       (5, 5, 1, '2023-02-22 08:10:00'),
       (6, 6, 1, '2023-02-22 11:30:00'),
       (7, 7, 1, '2023-02-22 13:15:00'),
       (8, 8, 1, '2023-02-22 15:40:00'),
       (9, 9, 1, '2023-02-23 17:25:00'),
       (10, 10, 1, '2023-02-23 19:00:00'),
       (11, 11, 1, '2023-02-23 20:35:00'),
       (12, 12, 1, '2023-02-24 09:50:00'),
       (13, 13, 1, '2023-02-24 11:15:00'),
       (14, 14, 1, '2023-02-24 14:30:00'),
       (15, 15, 1, '2023-02-25 16:45:00'),
       (16, 16, 1, '2023-02-25 18:10:00'),
       (17, 17, 1, '2023-02-25 20:35:00'),
       (18, 18, 1, '2023-02-26 09:00:00'),
       (19, 19, 1, '2023-02-26 11:25:00'),
       (20, 20, 1, '2023-02-26 13:50:00')
GO

-- 插入 body_metrics 數據 (20筆)
INSERT INTO [body_metrics] ([user_id], [weight], [body_fat], [muscle_mass], [bmi], [date_recorded], [height], [waist_circumference], [hip_circumference])
VALUES
(1, 70.0, 20.0, 30.0, 23.5, '2025-04-09', 175.0, 80.0, 95.0),
(2, 80.0, 25.0, 35.0, 24.0, '2025-04-09', 180.0, 88.0, 100.0),
(3, 75.0, 18.0, 32.0, 22.5, '2025-04-09', 170.0, 78.0, 92.0),
(4, 90.0, 28.0, 40.0, 27.0, '2025-04-09', 185.0, 95.0, 105.0),
(5, 65.0, 22.0, 28.0, 21.0, '2025-04-09', 165.0, 75.0, 90.0),
(6, 85.0, 20.0, 38.0, 26.5, '2025-04-09', 178.0, 86.0, 102.0),
(7, 95.0, 30.0, 45.0, 28.5, '2025-04-09', 182.0, 98.0, 108.0),
(8, 70.0, 23.0, 33.0, 24.5, '2025-04-09', 172.0, 82.0, 96.0),
(9, 80.0, 26.0, 36.0, 25.0, '2025-04-09', 176.0, 89.0, 101.0),
(10, 60.0, 18.0, 30.0, 21.0, '2025-04-09', 168.0, 76.0, 91.0),
(11, 88.0, 27.0, 42.0, 26.0, '2025-04-09', 181.0, 92.0, 103.0),
(12, 78.0, 22.0, 34.0, 24.0, '2025-04-09', 174.0, 84.0, 98.0),
(13, 72.0, 19.0, 31.0, 23.0, '2025-04-09', 171.0, 81.0, 94.0),
(14, 95.0, 29.0, 46.0, 28.0, '2025-04-09', 183.0, 97.0, 107.0),
(15, 82.0, 25.0, 39.0, 25.5, '2025-04-09', 177.0, 87.0, 100.0),
(16, 76.0, 21.0, 34.0, 23.0, '2025-04-09', 173.0, 83.0, 97.0),
(17, 69.0, 22.0, 32.0, 22.5, '2025-04-09', 169.0, 77.0, 93.0),
(18, 84.0, 24.0, 41.0, 26.0, '2025-04-09', 179.0, 90.0, 102.0),
(19, 73.0, 20.0, 33.0, 23.0, '2025-04-09', 170.0, 82.0, 95.0),
(20, 79.0, 23.0, 37.0, 24.5, '2025-04-09', 176.0, 85.0, 99.0);
GO

-- 插入 exercise_type_coefficients 數據 (20筆)
INSERT INTO [exercise_type_coefficients] ([exercise_name], [met])
VALUES
('跑步', 9.8),
('游泳', 7.0),
('騎自行車', 6.0),
('跳繩', 12.0),
('瑜珈', 2.5),
('健身房器械', 5.5),
('徒手健身', 5.0),
('高強度間歇訓練 (HIIT)', 8.5),
('快走', 4.3),
('爬山', 7.5),
('滑雪', 10.0),
('舞蹈', 6.5),
('划船機', 7.2),
('重訓', 6.5),
('橢圓機', 5.8),
('腳踏車競賽', 11.0),
('打籃球', 8.0),
('踢足球', 7.5),
('攀岩', 9.5),
('健走', 4.0);
GO

-- 插入 exercise_records 數據 (20筆)
INSERT INTO [exercise_records] ([user_id], [exercise_type], [exercise_duration], [calories_burned], [exercise_date])
VALUES
(1, '跑步', 30, 300, '2025-04-09'),
(2, '游泳', 45, 350, '2025-04-09'),
(3, '騎自行車', 60, 500, '2025-04-09'),
(4, '跳繩', 20, 250, '2025-04-09'),
(5, '瑜伽', 40, 150, '2025-04-09'),
(6, '健身房器械', 50, 400, '2025-04-09'),
(7, '徒手健身', 30, 200, '2025-04-09'),
(8, '高強度間歇訓練 (HIIT)', 30, 450, '2025-04-09'),
(9, '快走', 40, 180, '2025-04-09'),
(10, '爬山', 60, 700, '2025-04-09'),
(11, '滑雪', 90, 900, '2025-04-09'),
(12, '舞蹈', 60, 400, '2025-04-09'),
(13, '划船機', 30, 300, '2025-04-09'),
(14, '重訓', 60, 500, '2025-04-09'),
(15, '椭圆机', 40, 350, '2025-04-09'),
(16, '腳踏車競賽', 45, 550, '2025-04-09'),
(17, '打籃球', 60, 500, '2025-04-09'),
(18, '打足球', 70, 600, '2025-04-09'),
(19, '攀岩', 50, 450, '2025-04-09'),
(20, '健走', 30, 180, '2025-04-09');
GO

-- 插入 nutrition_records 數據 (20筆)
INSERT INTO [nutrition_records] ([user_id], [food_name], [calories], [protein], [carbs], [fats], [mealtime], [record_date])
VALUES
(1, '雞胸肉', 200, 40, 0, 5, '午餐', '2025-04-09'),
(2, '牛排', 300, 30, 0, 20, '晚餐', '2025-04-09'),
(3, '燕麥片', 150, 5, 27, 3, '早餐', '2025-04-09'),
(4, '全麥吐司', 120, 4, 20, 2, '早餐', '2025-04-09'),
(5, '蘋果', 95, 0, 25, 0, '點心', '2025-04-09'),
(6, '沙拉', 180, 4, 12, 10, '午餐', '2025-04-09'),
(7, '三文魚', 250, 20, 0, 18, '晚餐', '2025-04-09'),
(8, '蛋白質奶昔', 200, 20, 10, 2, '點心', '2025-04-09'),
(9, '雞蛋', 70, 6, 1, 5, '早餐', '2025-04-09'),
(10, '香蕉', 105, 1, 27, 0, '午餐', '2025-04-09'),
(11, '堅果', 150, 5, 6, 12, '點心', '2025-04-09'),
(12, '米飯', 200, 4, 45, 1, '午餐', '2025-04-09'),
(13, '鮮橙', 62, 1, 15, 0, '早餐', '2025-04-09'),
(14, '雞胸肉沙拉', 250, 35, 10, 5, '晚餐', '2025-04-09'),
(15, '火腿', 90, 6, 0, 7, '點心', '2025-04-09'),
(16, '豆腐', 100, 8, 2, 5, '晚餐', '2025-04-09'),
(17, '酸奶', 120, 10, 15, 3, '點心', '2025-04-09'),
(18, '花椰菜', 55, 5, 11, 1, '午餐', '2025-04-09'),
(19, '藍莓', 85, 1, 21, 0, '早餐', '2025-04-09'),
(20, '牛奶', 150, 8, 12, 8, '點心', '2025-04-09');
GO

-- 插入 fitness_goals 數據 (20筆)
INSERT INTO [fitness_goals] ([user_id], [goal_type], [target_value], [current_progress], [unit], [start_date], [end_date], [status])
VALUES
(1, '減重', 5.0, 1.0, '公斤', '2025-04-09', NULL, '進行中'),
(2, '增肌', 3.0, 0.5, '公斤', '2025-04-09', NULL, '進行中'),
(3, '心肺健康', 30.0, 10.0, '分鐘', '2025-04-09', NULL, '進行中'),
(4, '減重', 10.0, 4.0, '公斤', '2025-04-09', NULL, '進行中'),
(5, '增肌', 5.0, 1.0, '公斤', '2025-04-09', NULL, '進行中'),
(6, '心肺健康', 60.0, 15.0, '分鐘', '2025-04-09', NULL, '進行中'),
(7, '減重', 7.0, 2.0, '公斤', '2025-04-09', NULL, '進行中'),
(8, '增肌', 4.0, 1.2, '公斤', '2025-04-09', NULL, '進行中'),
(9, '心肺健康', 45.0, 20.0, '分鐘', '2025-04-09', NULL, '進行中'),
(10, '減重', 8.0, 3.0, '公斤', '2025-04-09', NULL, '進行中'),
(11, '增肌', 6.0, 2.0, '公斤', '2025-04-09', NULL, '進行中'),
(12, '心肺健康', 50.0, 25.0, '分鐘', '2025-04-09', NULL, '進行中'),
(13, '減重', 4.0, 1.5, '公斤', '2025-04-09', NULL, '進行中'),
(14, '增肌', 3.5, 1.0, '公斤', '2025-04-09', NULL, '進行中'),
(15, '心肺健康', 40.0, 18.0, '分鐘', '2025-04-09', NULL, '進行中'),
(16, '減重', 6.0, 2.5, '公斤', '2025-04-09', NULL, '進行中'),
(17, '增肌', 4.5, 1.5, '公斤', '2025-04-09', NULL, '進行中'),
(18, '心肺健康', 55.0, 22.0, '分鐘', '2025-04-09', NULL, '進行中'),
(19, '減重', 9.0, 3.5, '公斤', '2025-04-09', NULL, '進行中'),
(20, '增肌', 5.0, 2.0, '公斤', '2025-04-09', NULL, '進行中');
GO

-- 插入 achievements 數據 (20筆)
INSERT INTO [achievements] ([user_id], [achievement_type], [title], [description], [achieved_date])
VALUES
(1, '目標達成', '減重達成', '成功減少5公斤', '2025-04-09'),
(2, '一般成就', '完成30次瑜伽', '已完成30次瑜伽訓練', '2025-04-09'),
(3, '目標達成', '增肌達成', '成功增肌3公斤', '2025-04-09'),
(4, '一般成就', '跑步50公里', '成功完成50公里跑步挑戰', '2025-04-09'),
(5, '目標達成', '心肺健康達成', '成功提升心肺耐力到30分鐘', '2025-04-09'),
(6, '一般成就', '健身房100次', '完成100次健身房訓練', '2025-04-09'),
(7, '目標達成', '減重達成', '減少7公斤體重', '2025-04-09'),
(8, '一般成就', '游泳20次', '成功游泳20次', '2025-04-09'),
(9, '目標達成', '增肌達成', '成功增肌5公斤', '2025-04-09'),
(10, '一般成就', '步行達10000步', '成功達到10000步目標', '2025-04-09'),
(11, '目標達成', '減重達成', '成功減重8公斤', '2025-04-09'),
(12, '一般成就', '爬山達10次', '成功完成10次爬山挑戰', '2025-04-09'),
(13, '目標達成', '心肺健康達成', '成功提升心肺耐力到40分鐘', '2025-04-09'),
(14, '一般成就', '自行車30公里', '成功完成30公里自行車挑戰', '2025-04-09'),
(15, '目標達成', '增肌達成', '成功增肌4公斤', '2025-04-09'),
(16, '一般成就', '每日健身打卡30天', '連續30天打卡成功', '2025-04-09'),
(17, '目標達成', '減重達成', '減少9公斤體重', '2025-04-09'),
(18, '一般成就', '跳繩3000次', '成功完成3000次跳繩挑戰', '2025-04-09'),
(19, '目標達成', '心肺健康達成', '成功提升心肺耐力到50分鐘', '2025-04-09'),
(20, '一般成就', '步行500公里', '成功步行500公里', '2025-04-09');
GO


-- 插入 social_post 數據 (20筆)
INSERT INTO [social_post] ([category], [title], [content], [user_id], [created_at], [updated_at])
VALUES ('fitness', '我的健身旅程', '分享我從開始健身到現在的心得...', 1, '2023-02-01 10:00:00', '2023-02-01 10:00:00'),
       ('nutrition', '健康飲食建議', '分享一些我認為很有效的健康飲食方法...', 2, '2023-02-02 11:15:00',
        '2023-02-02 11:15:00'),
       ('recipe', '高蛋白早餐食譜', '這是我每天早上都會吃的高蛋白早餐...', 3, '2023-02-03 14:30:00',
        '2023-02-03 14:30:00'),
       ('fitness', '重量訓練技巧', '分享一些重量訓練的基本技巧...', 4, '2023-02-04 16:45:00', '2023-02-04 16:45:00'),
       ('motivation', '堅持運動的秘訣', '如何保持運動習慣不間斷...', 5, '2023-02-05 08:10:00', '2023-02-05 08:10:00'),
       ('nutrition', '增肌飲食計劃', '我的增肌飲食計劃分享...', 6, '2023-02-06 11:30:00', '2023-02-06 11:30:00'),
       ('fitness', '在家健身指南', '沒有時間去健身房？在家也能有效健身...', 7, '2023-02-07 13:15:00',
        '2023-02-07 13:15:00'),
       ('recipe', '減脂餐食譜', '分享我的減脂餐食譜...', 8, '2023-02-08 15:40:00', '2023-02-08 15:40:00'),
       ('fitness', '跑步訓練計劃', '我的半馬訓練計劃分享...', 9, '2023-02-09 17:25:00', '2023-02-09 17:25:00'),
       ('motivation', '克服平台期', '如何克服健身平台期...', 10, '2023-02-10 19:00:00', '2023-02-10 19:00:00'),
       ('nutrition', '運動後補充', '運動後該如何正確補充營養...', 11, '2023-02-11 20:35:00', '2023-02-11 20:35:00'),
       ('fitness', '核心訓練指南', '強化核心肌群的訓練方法...', 12, '2023-02-12 09:50:00', '2023-02-12 09:50:00'),
       ('recipe', '健康點心食譜', '分享幾款健康的點心食譜...', 13, '2023-02-13 11:15:00', '2023-02-13 11:15:00'),
       ('fitness', '彈力帶訓練', '如何用彈力帶進行全身訓練...', 14, '2023-02-14 14:30:00', '2023-02-14 14:30:00'),
       ('motivation', '設定健身目標', '如何設定合理的健身目標...', 15, '2023-02-15 16:45:00', '2023-02-15 16:45:00'),
       ('nutrition', '蛋白質攝取指南', '每天該攝取多少蛋白質...', 16, '2023-02-16 18:10:00', '2023-02-16 18:10:00'),
       ('fitness', '啞鈴訓練計劃', '我的啞鈴全身訓練計劃...', 17, '2023-02-17 20:35:00', '2023-02-17 20:35:00'),
       ('recipe', '增肌餐食譜', '分享我的增肌餐食譜...', 18, '2023-02-18 09:00:00', '2023-02-18 09:00:00'),
       ('fitness', 'HIIT訓練指南', '高強度間歇訓練的注意事項...', 19, '2023-02-19 11:25:00', '2023-02-19 11:25:00'),
       ('motivation', '保持運動熱情', '如何長期保持運動熱情...', 20, '2023-02-20 13:50:00', '2023-02-20 13:50:00')
GO

-- 插入 comment 數據 (20筆)
INSERT INTO [comment] ([post_id], [user_id], [text], [created_at], [updated_at])
VALUES (1, 2, '寫得真好，我也要開始健身了！', '2023-02-01 11:00:00', '2023-02-01 11:00:00'),
       (2, 3, '這些飲食建議很實用，謝謝分享！', '2023-02-02 12:15:00', '2023-02-02 12:15:00'),
       (3, 4, '明天就來試試這個食譜！', '2023-02-03 15:30:00', '2023-02-03 15:30:00'),
       (4, 5, '重量訓練的技巧很專業！', '2023-02-04 17:45:00', '2023-02-04 17:45:00'),
       (5, 6, '堅持運動真的很重要！', '2023-02-05 09:10:00', '2023-02-05 09:10:00'),
       (6, 7, '增肌飲食計劃很詳細！', '2023-02-06 12:30:00', '2023-02-06 12:30:00'),
       (7, 8, '在家健身的指南很實用！', '2023-02-07 14:15:00', '2023-02-07 14:15:00'),
       (8, 9, '減脂餐看起來很好吃！', '2023-02-08 16:40:00', '2023-02-08 16:40:00'),
       (9, 10, '跑步計劃很科學！', '2023-02-09 18:25:00', '2023-02-09 18:25:00'),
       (10, 11, '克服平台期的方法很有幫助！', '2023-02-10 20:00:00', '2023-02-10 20:00:00'),
       (11, 12, '運動後補充的建議很專業！', '2023-02-11 21:35:00', '2023-02-11 21:35:00'),
       (12, 13, '核心訓練的方法很有效！', '2023-02-12 10:50:00', '2023-02-12 10:50:00'),
       (13, 14, '健康點心食譜很適合我！', '2023-02-13 12:15:00', '2023-02-13 12:15:00'),
       (14, 15, '彈力帶訓練很方便！', '2023-02-14 15:30:00', '2023-02-14 15:30:00'),
       (15, 16, '設定目標真的很重要！', '2023-02-15 17:45:00', '2023-02-15 17:45:00'),
       (16, 17, '蛋白質攝取的指南很詳細！', '2023-02-16 19:10:00', '2023-02-16 19:10:00'),
       (17, 18, '啞鈴訓練計劃很全面！', '2023-02-17 21:35:00', '2023-02-17 21:35:00'),
       (18, 19, '增肌餐看起來很美味！', '2023-02-18 10:00:00', '2023-02-18 10:00:00'),
       (19, 20, 'HIIT訓練真的很有效！', '2023-02-19 12:25:00', '2023-02-19 12:25:00'),
       (20, 1, '保持運動熱情的方法很棒！', '2023-02-20 14:50:00', '2023-02-20 14:50:00')
GO

-- 插入 payment 數據 (10筆)
INSERT INTO [payment] ([id], [order_id], [amount], [currency], [method], [status], [created_at], [paid_at])
VALUES ('b9e2c7d5-6b3a-4f8e-9a1c-0d5e8f4c3b2a', 1, 1200.00, 'TWD', 'CREDIT_CARD', 'COMPLETED', '2023-02-01 10:05:00', '2023-02-01 10:10:00'),
       ('7a8b9c0d-1e2f-3g4h-5i6j-7k8l9m0n1o2p', 2, 1650.00, 'TWD', 'CREDIT_CARD', 'COMPLETED', '2023-02-02 11:20:00', '2023-02-02 11:25:00'),
       ('a1b2c3d4-e5f6-g7h8-i9j0-k1l2m3n4o5p6', 3, 800.00, 'TWD', 'ALIPAY', 'COMPLETED', '2023-02-03 14:35:00', '2023-02-03 14:40:00'),
       ('c3d4e5f6-g7h8-i9j0-k1l2-m3n4o5p6q7r8', 5, 600.00, 'TWD', 'WECHAT_PAY', 'COMPLETED', '2023-02-05 08:15:00', '2023-02-05 08:20:00'),
       ('e5f6g7h8-i9j0-k1l2-m3n4-o5p6q7r8s9t0', 6, 300.00, 'TWD', 'CREDIT_CARD', 'COMPLETED', '2023-02-06 11:35:00', '2023-02-06 11:40:00'),
       ('g7h8i9j0-k1l2-m3n4-o5p6-q7r8s9t0u1v2', 7, 900.00, 'TWD', 'ALIPAY', 'COMPLETED', '2023-02-07 13:20:00', '2023-02-07 13:25:00'),
       ('i9j0k1l2-m3n4-o5p6-q7r8-s9t0u1v2w3x4', 8, 350.00, 'TWD', 'WECHAT_PAY', 'COMPLETED', '2023-02-08 15:45:00', '2023-02-08 15:50:00'),
       ('k1l2m3n4-o5p6-q7r8-s9t0-u1v2w3x4y5z6', 9, 1200.00, 'TWD', 'CREDIT_CARD', 'COMPLETED', '2023-02-09 17:30:00', '2023-02-09 17:35:00'),
       ('m3n4o5p6-q7r8-s9t0-u1v2-w3x4y5z6a7b8', 10, 250.00, 'TWD', 'ALIPAY', 'COMPLETED', '2023-02-10 19:05:00', '2023-02-10 19:10:00'),
       ('o5p6q7r8-s9t0-u1v2-w3x4-y5z6a7b8c9d0', 4, 2500.00, 'TWD', 'CREDIT_CARD', 'PENDING', '2023-02-04 16:50:00', NULL)
GO