/*
		注意：user表格的插入數據是程式自動生成，user表要有數據才能執行part2! 不然就會報錯!
		如果不想插入測試數據可以先不執行part2!
	*/

USE HealthManagement
GO

-- 插入測試數據
-- 插入 user_point 數據 (20筆)
INSERT INTO [user_point] ([user_id], [points], [last_updated])
VALUES (1, 100, '2023-01-15 09:30:00'),
       (2, 500, '2023-01-16 10:15:00'),
       (3, 200, '2023-01-17 14:20:00'),
       (4, 300, '2023-01-18 16:45:00'),
       (5, 150, '2023-01-19 08:10:00'),
       (6, 50, '2023-01-20 11:30:00'),
       (7, 250, '2023-01-21 13:15:00'),
       (8, 350, '2023-01-22 15:40:00'),
       (9, 400, '2023-01-23 17:25:00'),
       (10, 450, '2023-01-24 19:00:00'),
       (11, 120, '2023-01-25 20:35:00'),
       (12, 220, '2023-01-26 09:50:00'),
       (13, 320, '2023-01-27 11:15:00'),
       (14, 420, '2023-01-28 14:30:00'),
       (15, 520, '2023-01-29 16:45:00'),
       (16, 620, '2023-01-30 18:10:00'),
       (17, 720, '2023-01-31 20:35:00'),
       (18, 820, '2023-02-01 09:00:00'),
       (19, 920, '2023-02-02 11:25:00'),
       (20, 1020, '2023-02-03 13:50:00')
GO

-- 插入 product 數據 (20筆)
    INSERT INTO [product] ([name], [description], [price], [stock_quantity], [category], [image_url])
    VALUES
        ('蛋白粉', '乳清蛋白粉，巧克力口味', 1200.00, 100, '營養補充品', 'https://images.pexels.com/photos/1212845/pexels-photo-1212845.jpeg?auto=compress&cs=tinysrgb&w=1260&h=750&dpr=1'),
        ('健身手套', '防滑透氣健身手套', 450.00, 50, '健身裝備', 'https://images.pexels.com/photos/705047/pexels-photo-705047.jpeg?auto=compress&cs=tinysrgb&w=600'),
        ('瑜伽墊', '加厚防滑瑜伽墊', 800.00, 30, '瑜伽用品', 'https://images.pexels.com/photos/2394051/pexels-photo-2394051.jpeg?auto=compress&cs=tinysrgb&w=600'),
        ('啞鈴組', '可調節重量啞鈴組', 2500.00, 20, '重訓器材', 'https://images.pexels.com/photos/4164849/pexels-photo-4164849.jpeg?auto=compress&cs=tinysrgb&w=600'),
        ('彈力帶', '5種阻力彈力帶組', 600.00, 40, '健身裝備', 'https://images.pexels.com/photos/7479769/pexels-photo-7479769.jpeg?auto=compress&cs=tinysrgb&w=600'),
        ('跳繩', '競速跳繩', 300.00, 60, '有氧器材', 'https://images.pexels.com/photos/45056/pexels-photo-45056.jpeg?auto=compress&cs=tinysrgb&w=600'),
        ('健身腰帶', '舉重腰帶', 900.00, 25, '健身裝備', 'https://images.pexels.com/photos/5327461/pexels-photo-5327461.jpeg?auto=compress&cs=tinysrgb&w=600'),
        ('運動水壺', '750ml運動水壺', 350.00, 80, '健身配件', 'https://images.pexels.com/photos/29495729/pexels-photo-29495729.jpeg?auto=compress&cs=tinysrgb&w=600'),
        ('健身服套裝', '透氣排汗健身服', 1200.00, 35, '運動服飾', 'https://images.pexels.com/photos/8520537/pexels-photo-8520537.jpeg?auto=compress&cs=tinysrgb&w=600'),
        ('運動襪', '防滑運動襪3雙組', 250.00, 90, '運動服飾', 'https://images.pexels.com/photos/5730956/pexels-photo-5730956.jpeg?auto=compress&cs=tinysrgb&w=600'),
        ('健身背包', '多功能健身背包', 1500.00, 15, '健身配件', 'https://images.pexels.com/photos/532803/pexels-photo-532803.jpeg?auto=compress&cs=tinysrgb&w=600'),
        ('健身滾筒', '高密度泡沫滾筒', 700.00, 30, '恢復裝備', 'https://images.pexels.com/photos/8033019/pexels-photo-8033019.jpeg?auto=compress&cs=tinysrgb&w=600'),
        ('運動毛巾', '速乾運動毛巾', 200.00, 70, '健身配件', 'https://images.pexels.com/photos/5038863/pexels-photo-5038863.jpeg?auto=compress&cs=tinysrgb&w=600'),
        ('健身日誌', '健身記錄本', 180.00, 50, '健身配件', 'https://images.pexels.com/photos/4068029/pexels-photo-4068029.jpeg?auto=compress&cs=tinysrgb&w=600'),
        ('心率錶', '藍牙心率監測錶', 2800.00, 10, '運動電子產品', 'https://images.pexels.com/photos/267394/pexels-photo-267394.jpeg?auto=compress&cs=tinysrgb&w=600'),
        ('健身APP會員', '一年期健身APP會員', 1200.00, 999, '數位服務', 'https://images.pexels.com/photos/230544/pexels-photo-230544.jpeg?auto=compress&cs=tinysrgb&w=600'),
        ('運動耳機', '無線運動耳機', 1600.00, 20, '運動電子產品', 'https://images.pexels.com/photos/375751/pexels-photo-375751.jpeg?auto=compress&cs=tinysrgb&w=600'),
        ('健身課程DVD', '全套健身課程DVD', 950.00, 15, '教學資源', 'https://images.pexels.com/photos/4734714/pexels-photo-4734714.jpeg?auto=compress&cs=tinysrgb&w=600'),
        ('健身書籍', '健身營養全書', 550.00, 25, '教學資源', 'https://images.pexels.com/photos/4219037/pexels-photo-4219037.jpeg?auto=compress&cs=tinysrgb&w=600'),
        ('運動護腕', '支撐型運動護腕', 380.00, 40, '健身裝備', 'https://images.pexels.com/photos/1432039/pexels-photo-1432039.jpeg?auto=compress&cs=tinysrgb&w=600')
    GO

-- 插入 course 數據 (30筆)，教練 ID (27-41)
INSERT INTO [course] ([name], [description], [day_of_week], [start_time], [coach_id], [duration], [max_capacity], [offers_trial_option], [max_trial_capacity])
VALUES
('基礎瑜伽 A班', '適合初學者，專注安全有效的體位法練習，建立穩固瑜伽基礎，幫助身心平衡。', 1, '09:00:00', 35, 60, 15, 0, NULL), -- 週一, 教練ID 35
('高強度間歇訓練 (HIIT)', '極致燃脂！短時間高強度運動迅速提升心肺與代謝，高效達成健身目標。', 1, '18:30:00', 29, 45, 20, 1, 7), -- 週一, 教練ID 29
('皮拉提斯', '強化核心肌群，改善身體姿態、提升穩定性與柔軟度，有效雕塑身形。', 2, '10:00:00', 41, 60, 12, 0, NULL), -- 週二, 教練ID 41
('Zumba 舞蹈', '熱情拉丁舞步結合有氧，在歡樂中高效燃燒卡路里，享受運動樂趣。', 2, '19:00:00', 27, 75, 25, 1, 10), -- 週二, 教練ID 27
('循環肌力訓練', '全身器材循環訓練，提升肌力、肌耐力與燃脂效率，達到全身均衡發展。', 3, '11:30:00', 33, 60, 18, 0, NULL), -- 週三, 教練ID 33
('拳擊有氧', '結合拳擊基本動作與高強度有氧，提升心肺、協調性與爆脂力。', 3, '20:00:00', 38, 75, 22, 1, 5), -- 週三, 教練ID 38
('伸展與放鬆', '深度全身伸展，緩解肌肉緊繃、改善僵硬，幫助身體恢復彈性與活力。', 4, '14:00:00', 30, 60, 10, 1, 4), -- 週四, 教練ID 30
('進階瑜伽 B班', '為有基礎者設計，挑戰複雜體位與串聯，深入探索身心連結，提升練習深度。', 4, '19:30:00', 36, 90, 15, 0, NULL), -- 週四, 教練ID 36
('核心肌群訓練', '專注腹部與背部肌群強化，提升所有運動表現和預防傷害。', 5, '07:00:00', 40, 45, 15, 0, NULL), -- 週五, 教練ID 40
('體能訓練營', '全面提升身體素質，包含力量、速度、敏捷性等多方面綜合訓練。', 5, '18:00:00', 28, 90, 20, 1, 8), -- 週五, 教練ID 28
-- 插入一些體驗課程 (名稱後加上 '(體驗)' 以區分)
('基礎瑜伽 (體驗)', '初次體驗瑜伽！輕鬆學習基礎體位法，感受身心平衡，免費預約。', 1, '10:30:00', 35, 60, 10, 1, 5), -- 週一, 教練ID 35
('HIIT (體驗)', '想嘗試 HIIT？快速入門，感受高效率燃脂暢快淋漓，免費試上！', 1, '17:00:00', 29, 45, 15, 1, 8), -- 週一, 教練ID 29
('皮拉提斯 (體驗)', '免費體驗皮拉提斯！感受核心力量啟動，探索身體姿態改善。立即預約！', 2, '11:30:00', 41, 60, 10, 1, 4), -- 週二, 教練ID 41
('Zumba (體驗)', '免費加入活力舞蹈派對！無需基礎，跟隨節奏舞動，快樂流汗。立即報名！', 2, '20:30:00', 27, 75, 20, 1, 10), -- 週二, 教練ID 27
('循環訓練 (體驗)', '免費試上循環肌力！短時間高效鍛鍊全身，感受力量提升。名額有限！', 3, '13:00:00', 33, 60, 15, 1, 7), -- 週三, 教練ID 33
-- 繼續插入常規課程
('拳擊基礎班', '扎實學習拳擊基本技巧、站姿、步法與防禦，建立穩固基石。', 4, '10:30:00', 38, 60, 18, 0, NULL), -- 週四, 教練ID 38
('游泳技巧提升', '優化游泳姿勢與換氣，提升水中效率和耐力，讓您輕鬆暢游。', 4, '21:00:00', 30, 60, 10, 0, NULL), -- 週四, 教練ID 30
('功能性訓練', '模擬日常生活動作，提升身體實用力量、穩定性與協調性，預防傷害。', 5, '08:30:00', 36, 60, 16, 1, 6), -- 週五, 教練ID 36
('槓鈴訓練', '安全有效使用槓鈴，掌握深蹲、硬舉等基本動作，打下力量基礎。', 5, '19:30:00', 40, 90, 14, 0, NULL), -- 週五, 教練ID 40
('晨間瑜伽', '週末早晨溫和瑜伽，喚醒身心，提升柔軟度與內在平衡。', 6, '08:00:00', 28, 75, 15, 0, NULL), -- 週六, 教練ID 28
('舒展有氧', '輕鬆週末有氧，高效燃燒熱量，釋放壓力，享受運動快樂。', 6, '15:00:00', 35, 60, 20, 1, 9), -- 週六, 教練ID 35
('燃脂訓練', '週末高效燃脂衝刺，最大化卡路里消耗，為下一週注入活力。', 0, '10:00:00', 29, 60, 18, 0, NULL), -- 週日, 教練ID 29
('伸展工作坊', '週日午後深度伸展，舒緩全身，釋放緊繃，提升整體靈活性。', 0, '16:00:00', 41, 90, 12, 1, 3), -- 週日, 教練ID 41
-- 繼續插入更多課程
('TRX懸吊訓練', '利用 TRX 懸吊帶進行全身訓練，挑戰平衡與核心穩定，提升肌力耐力。', 1, '15:00:00', 27, 60, 12, 0, NULL), -- 週一, 教練ID 27
('Kettlebell壺鈴訓練', '學習壺鈴獨特訓練，提升全身爆發力、肌耐力與心肺功能。', 2, '07:30:00', 33, 45, 10, 1, 5), -- 週二, 教練ID 33
('飛輪課程 A班', '體驗室內自行車極速快感，模擬路況強度，高效燃燒卡路里。', 3, '17:00:00', 38, 60, 30, 0, NULL), -- 週三, 教練ID 38
('兒童體適能', '專為兒童設計的趣味運動，提升協調、平衡與運動能力，快樂成長。', 4, '16:00:00', 30, 60, 15, 1, 7), -- 週四, 教練ID 30
('高齡肌力訓練', '長者安全有效肌力提升，改善肌肉流失，提升生活品質與獨立性。', 5, '10:00:00', 36, 60, 10, 0, NULL), -- 週五, 教練ID 36
-- 插入更多體驗課程 (名稱後加上 '(體驗)' 以區分)
('TRX (體驗)', '免費體驗 TRX 懸吊訓練！感受多角度訓練與深層肌群啟動。立即預約！', 1, '16:30:00', 27, 60, 10, 1, 5), -- 週一, 教練ID 27
('壺鈴訓練 (體驗)', '免費試上壺鈴基礎！學習安全動作，感受力量與爆發力提升。親自體驗！', 2, '08:30:00', 33, 45, 8, 1, 4); -- 週二, 教練ID 33

-- 插入 [enrollment] 數據 (30筆)
INSERT INTO [enrollment] ([user_id], [course_id], [enrollment_time], [status])
VALUES
-- 課程 30: 已報名 (8筆, 模擬額滿)
(11, 30, '2025-03-19 09:00:00', '已報名'),
(24, 30, '2025-03-19 09:07:00', '已報名'),
(8, 30, '2025-03-19 09:14:00', '已報名'),
(19, 30, '2025-03-19 09:21:00', '已報名'),
(14, 30, '2025-03-19 09:28:00', '已報名'),
(21, 30, '2025-03-19 09:35:00', '已報名'),
(7, 30, '2025-03-19 09:42:00', '已報名'),
(16, 30, '2025-03-19 09:49:00', '已報名'),
-- 課程 30: 候補中 (3筆) - 模擬額滿後的候補
(25, 30, '2025-03-19 09:56:00', '候補中'),
(9, 30, '2025-03-19 10:03:00', '候補中'),
(18, 30, '2025-03-19 10:10:00', '候補中'),
-- 剩餘 19 筆記錄，用於其他課程，混合狀態
(20, 1, '2025-03-05 11:00:00', '已完成'),
(13, 6, '2025-03-06 12:30:00', '已報名'),
(26, 12, '2025-03-07 13:45:00', '已取消'),
(10, 2, '2025-03-08 14:10:00', '未到場'),
(17, 15, '2025-03-09 15:50:00', '已報名'),
(22, 28, '2025-03-10 16:25:00', '已完成'),
(15, 4, '2025-03-11 17:15:00', '已報名'),
(12, 21, '2025-03-12 18:05:00', '候補中'),
(23, 10, '2025-03-13 19:35:00', '已報名'),
(8, 3, '2025-03-14 20:00:00', '已完成'),
(19, 18, '2025-03-15 09:00:00', '已報名'),
(24, 25, '2025-03-16 14:00:00', '未到場'),
(7, 7, '2025-03-17 11:00:00', '已取消'),
(20, 14, '2025-03-03 10:00:00', '已報名'),
(13, 27, '2025-03-04 15:30:00', '已完成'),
(10, 5, '2025-03-08 08:00:00', '已報名'),
(17, 16, '2025-03-09 17:00:00', '候補中'),
(22, 29, '2025-03-10 10:00:00', '已取消'),
(15, 20, '2025-03-11 19:00:00', '已報名');
GO

INSERT INTO [trial_booking] ([user_id], [course_id], [booking_name], [booking_email], [booking_phone], [booking_date], [booking_status], [booked_at])
VALUES
-- Guest 使用者 (ID 2) 的預約
(2, 13, 'Guest', 'guest@example.com', '0911-000002', '2025-05-06', '已預約', '2025-04-22 14:00:00'),
(2, 14, 'Guest', 'guest@example.com', '0911-000002', '2025-05-06', '已預約', '2025-04-23 09:00:00'),
(2, 12, 'Guest', 'guest@example.com', '0911-000002', '2025-05-05', '已預約', '2025-04-21 11:00:00'),
(2, 11, 'Guest', 'guest@example.com', '0911-000002', '2025-05-05', '已預約', '2025-04-20 10:00:00'),
(2, 15, 'Guest', 'guest@example.com', '0911-000002', '2025-05-07', '已預約', '2025-04-24 15:00:00'),
-- 其他使用者 (ID 7-26) 的預約 (混合狀態)
(25, 28, '高美華', 'gao@health.com', '0911-123025', '2025-03-20', '已完成', '2025-03-08 14:01:08'),
(17, 13, '許美華', 'xu@health.com', '0911-123017', '2025-05-27', '已預約', '2025-05-16 11:34:02'),
(12, 15, 'YuQian', 'yuqian@health.com', '0911-123012', '2025-03-12', '未到場', '2025-02-27 14:00:00'),
(16, 15, '蔡志豪', 'cai@health.com', '0911-123016', '2025-05-21', '已預約', '2025-05-03 12:00:00'),
(13, 11, '劉慎委', 'shenwei@health.com', '0911-123013', '2025-05-26', '已預約', '2025-05-04 13:00:00'),
(24, 12, '胡志豪', 'hu@health.com', '0911-123024', '2025-06-09', '已預約', '2025-05-18 08:17:31'),
(10, 11, '張志強', 'zhang@health.com', '0911-123010', '2025-05-12', '已預約', '2025-04-25 10:00:00'),
(14, 14, '鄭大偉', 'zheng@health.com', '0911-123014', '2025-06-03', '已預約', '2025-05-17 11:15:34'),
(19, 25, '洪小美', 'hong@health.com', '0911-123019', '2025-03-17', '未到場', '2025-03-01 23:06:18'),
(18, 12, '謝志強', 'xie@health.com', '0911-123018', '2025-05-19', '已預約', '2025-04-29 15:00:00'),
(9, 14, '黃盛加', 'shengjia@health.com', '0911-123009', '2025-05-20', '已預約', '2025-05-02 11:00:00'),
(21, 12, '徐雅婷', 'xu2@health.com', '0911-123021', '2025-03-10', '已完成', '2025-02-24 15:00:00'),
(17, 28, '許美華', 'xu@health.com', '0911-123017', '2025-06-05', '已預約', '2025-05-20 10:47:19'),
(8, 15, '陳聖亭', 'shengting@health.com', '0911-123008', '2025-04-02', '已完成', '2025-03-19 00:13:58'),
(10, 25, '張志強', 'zhang@health.com', '0911-123010', '2025-04-07', '已預約', '2025-03-24 17:24:31'),
(25, 14, '高美華', 'gao@health.com', '0911-123025', '2025-03-11', '未到場', '2025-02-28 10:05:09'),
(7, 11, 'WeiLong', 'weilong@health.com', '0911-123007', '2025-05-19', '已預約', '2025-04-28 09:00:00'),
(23, 26, '朱小玲', 'zhu@health.com', '0911-123023', '2025-06-03', '已預約', '2025-05-19 17:55:16'),
(8, 25, '陳聖亭', 'shengting@health.com', '0911-123008', '2025-04-14', '已完成', '2025-03-31 01:42:27'),
(19, 15, '洪小美', 'hong@health.com', '0911-123019', '2025-04-09', '已取消', '2025-03-26 19:27:03'),
(12, 14, 'YuQian', 'yuqian@health.com', '0911-123012', '2025-03-18', '已完成', '2025-03-02 11:00:00'),
(20, 13, '邱志明', 'qiu@health.com', '0911-123020', '2025-05-27', '已預約', '2025-05-05 14:00:00'),
(23, 11, '朱小玲', 'zhu@health.com', '0911-123023', '2025-06-02', '已預約', '2025-05-15 14:43:24'),
(9, 28, '黃盛加', 'shengjia@health.com', '0911-123009', '2025-04-10', '未到場', '2025-03-27 07:04:35'),
(13, 26, '劉慎委', 'shenwei@health.com', '0911-123013', '2025-06-03', '已預約', '2025-05-20 09:58:21');
GO

-- 插入 order 數據 (20筆)
INSERT INTO [order] ([user_id], [total_amount], [status], [created_at])
VALUES (1, 1200.00, 'completed', '2023-02-01 10:00:00'),
       (2, 1650.00, 'completed', '2023-02-02 11:15:00'),
       (3, 800.00, 'completed', '2023-02-03 14:30:00'),
       (4, 2500.00, 'pending', '2023-02-04 16:45:00'),
       (5, 600.00, 'completed', '2023-02-05 08:10:00'),
       (6, 300.00, 'completed', '2023-02-06 11:30:00'),
       (7, 900.00, 'completed', '2023-02-07 13:15:00'),
       (8, 350.00, 'completed', '2023-02-08 15:40:00'),
       (9, 1200.00, 'completed', '2023-02-09 17:25:00'),
       (10, 250.00, 'completed', '2023-02-10 19:00:00'),
       (11, 1500.00, 'pending', '2023-02-11 20:35:00'),
       (12, 700.00, 'completed', '2023-02-12 09:50:00'),
       (13, 200.00, 'completed', '2023-02-13 11:15:00'),
       (14, 180.00, 'completed', '2023-02-14 14:30:00'),
       (15, 2800.00, 'completed', '2023-02-15 16:45:00'),
       (16, 1200.00, 'completed', '2023-02-16 18:10:00'),
       (17, 1600.00, 'completed', '2023-02-17 20:35:00'),
       (18, 950.00, 'pending', '2023-02-18 09:00:00'),
       (19, 550.00, 'completed', '2023-02-19 11:25:00'),
       (20, 380.00, 'completed', '2023-02-20 13:50:00')
GO

-- 插入 order_item 數據 (20筆)
INSERT INTO [order_item] ([order_id], [product_id], [quantity], [subtotal])
VALUES (1, 1, 1, 1200.00),
       (2, 2, 1, 450.00),
       (2, 9, 1, 1200.00),
       (3, 3, 1, 800.00),
       (4, 4, 1, 2500.00),
       (5, 5, 1, 600.00),
       (6, 6, 1, 300.00),
       (7, 7, 1, 900.00),
       (8, 8, 1, 350.00),
       (9, 9, 1, 1200.00),
       (10, 10, 1, 250.00),
       (11, 11, 1, 1500.00),
       (12, 12, 1, 700.00),
       (13, 13, 1, 200.00),
       (14, 14, 1, 180.00),
       (15, 15, 1, 2800.00),
       (16, 16, 1, 1200.00),
       (17, 17, 1, 1600.00),
       (18, 18, 1, 950.00),
       (19, 19, 1, 550.00),
       (20, 20, 1, 380.00)
GO

-- 插入 cart_item 數據 (20筆)
INSERT INTO [cart_item] ([user_id], [product_id], [quantity], [added_at])
VALUES (1, 1, 1, '2023-02-21 10:00:00'),
       (2, 2, 1, '2023-02-21 11:15:00'),
       (3, 3, 1, '2023-02-21 14:30:00'),
       (4, 4, 1, '2023-02-21 16:45:00'),
       (5, 5, 1, '2023-02-22 08:10:00'),
       (6, 6, 1, '2023-02-22 11:30:00'),
       (7, 7, 1, '2023-02-22 13:15:00'),
       (8, 8, 1, '2023-02-22 15:40:00'),
       (9, 9, 1, '2023-02-23 17:25:00'),
       (10, 10, 1, '2023-02-23 19:00:00'),
       (11, 11, 1, '2023-02-23 20:35:00'),
       (12, 12, 1, '2023-02-24 09:50:00'),
       (13, 13, 1, '2023-02-24 11:15:00'),
       (14, 14, 1, '2023-02-24 14:30:00'),
       (15, 15, 1, '2023-02-25 16:45:00'),
       (16, 16, 1, '2023-02-25 18:10:00'),
       (17, 17, 1, '2023-02-25 20:35:00'),
       (18, 18, 1, '2023-02-26 09:00:00'),
       (19, 19, 1, '2023-02-26 11:25:00'),
       (20, 20, 1, '2023-02-26 13:50:00')
GO

-- 插入 body_metrics 數據 (20筆)
INSERT INTO body_metrics (user_id, weight, body_fat, muscle_mass, waist_circumference, hip_circumference, height, bmi, date_recorded)
VALUES
    (7, 75.5, 22.1, 35.2, 88.6, 99.2, 175.0, 24.7, '2025-04-01'),
    (7, 76.0, 21.8, 35.5, 89.0, 99.5, 175.0, 24.9, '2025-04-15'),
    (7, 74.8, 21.5, 35.8, 88.0, 98.8, 175.0, 24.4, '2025-04-29'),
    (7, 75.2, 22.0, 35.4, 88.4, 99.1, 175.0, 24.6, '2025-05-10'),
    (7, 76.5, 22.5, 35.0, 89.3, 100.0, 175.0, 25.1, '2025-05-22'),
    (1, 70.0, 20.0, 30.0, 80.0, 95.0, 175.0, 23.5, '2025-04-09'),
    (2, 80.0, 25.0, 35.0, 88.0, 100.0, 180.0, 24.0, '2025-04-09'),
    (3, 75.0, 18.0, 32.0, 78.0, 92.0, 170.0, 22.5, '2025-04-09'),
    (4, 90.0, 28.0, 40.0, 95.0, 105.0, 185.0, 27.0, '2025-04-09'),
    (5, 65.0, 22.0, 28.0, 75.0, 90.0, 165.0, 21.0, '2025-04-09'),
    (6, 85.0, 20.0, 38.0, 86.0, 102.0, 178.0, 26.5, '2025-04-09'),
    (7, 75.0, 22.0, 35.0, 88.0, 99.0, 174.8, 24.5, '2025-04-09'),
    (8, 70.0, 23.0, 33.0, 82.0, 96.0, 172.0, 24.5, '2025-04-09'),
    (9, 80.0, 26.0, 36.0, 89.0, 101.0, 176.0, 25.0, '2025-04-09'),
    (10, 60.0, 18.0, 30.0, 76.0, 91.0, 168.0, 21.0, '2025-04-09'),
    (11, 88.0, 27.0, 42.0, 92.0, 103.0, 181.0, 26.0, '2025-04-09'),
    (12, 78.0, 22.0, 34.0, 84.0, 98.0, 174.0, 24.0, '2025-04-09'),
    (13, 72.0, 19.0, 31.0, 81.0, 94.0, 171.0, 23.0, '2025-04-09'),
    (14, 95.0, 29.0, 46.0, 97.0, 107.0, 183.0, 28.0, '2025-04-09'),
    (15, 82.0, 25.0, 39.0, 87.0, 100.0, 177.0, 25.5, '2025-04-09'),
    (16, 76.0, 21.0, 34.0, 83.0, 97.0, 173.0, 23.0, '2025-04-09'),
    (17, 69.0, 22.0, 32.0, 77.0, 93.0, 169.0, 22.5, '2025-04-09'),
    (18, 84.0, 24.0, 41.0, 90.0, 102.0, 179.0, 26.0, '2025-04-09'),
    (19, 73.0, 20.0, 33.0, 82.0, 95.0, 170.0, 23.0, '2025-04-09'),
    (20, 79.0, 23.0, 37.0, 85.0, 99.0, 176.0, 24.5, '2025-04-09');
GO

-- 插入 exercise_type_coefficients 數據 (20筆)
INSERT INTO [exercise_type_coefficients] ([exercise_name], [met])
VALUES
('跑步', 9.8),
('游泳', 7.0),
('騎自行車', 6.0),
('跳繩', 12.0),
('瑜珈', 2.5),
('健身房器械', 5.5),
('徒手健身', 5.0),
('高強度間歇訓練 (HIIT)', 8.5),
('快走', 4.3),
('爬山', 7.5),
('滑雪', 10.0),
('舞蹈', 6.5),
('划船機', 7.2),
('重訓', 6.5),
('橢圓機', 5.8),
('腳踏車競賽', 11.0),
('打籃球', 8.0),
('踢足球', 7.5),
('攀岩', 9.5),
('健走', 4.0);
GO

-- 插入 exercise_records 數據 (20筆)
INSERT INTO [exercise_records] ([user_id], [exercise_type], [exercise_duration], [calories_burned], [exercise_date])
VALUES
(1, '跑步', 30, 300, '2025-04-09'),
(2, '游泳', 45, 350, '2025-04-09'),
(3, '騎自行車', 60, 500, '2025-04-09'),
(4, '跳繩', 20, 250, '2025-04-09'),
(5, '瑜伽', 40, 150, '2025-04-09'),
(6, '健身房器械', 50, 400, '2025-04-09'),
(7, '徒手健身', 30, 200, '2025-04-09'),
(8, '高強度間歇訓練 (HIIT)', 30, 450, '2025-04-09'),
(9, '快走', 40, 180, '2025-04-09'),
(10, '爬山', 60, 700, '2025-04-09')
(7, '跑步', 45, 400, '2025-05-01'),
(7, '游泳', 60, 550, '2025-05-03'),
(7, '重訓', 60, 300, '2025-05-05'),
(7, '瑜珈', 75, 200, '2025-05-07'),
(7, '籃球', 90, 650, '2025-05-09');
GO

-- 插入 nutrition_records 數據 (20筆)
INSERT INTO [nutrition_records] ([user_id], [food_name], [calories], [protein], [carbs], [fats], [mealtime], [record_date])
VALUES
(1, '雞胸肉', 200, 40, 0, 5, '午餐', '2025-04-09'),
(2, '牛排', 300, 30, 0, 20, '晚餐', '2025-04-09'),
(3, '燕麥片', 150, 5, 27, 3, '早餐', '2025-04-09'),
(4, '全麥吐司', 120, 4, 20, 2, '早餐', '2025-04-09'),
(5, '蘋果', 95, 0, 25, 0, '點心', '2025-04-09'),
(6, '沙拉', 180, 4, 12, 10, '午餐', '2025-04-09'),
(7, '三文魚', 250, 20, 0, 18, '晚餐', '2025-04-09'),
(8, '蛋白質奶昔', 200, 20, 10, 2, '點心', '2025-04-09'),
(9, '雞蛋', 70, 6, 1, 5, '早餐', '2025-04-09'),
(10, '香蕉', 105, 1, 27, 0, '午餐', '2025-05-09'),
(7, '雞胸肉', 200, 40, 0, 5, '午餐', '2025-05-10'),
(7, '牛排', 300, 30, 0, 20, '晚餐', '2025-04-10'),
(7, '燕麥片', 150, 5, 27, 3, '早餐', '2025-04-11'),
(7, '全麥吐司', 120, 4, 20, 2, '早餐', '2025-04-11'),
(7, '蘋果', 95, 0, 25, 0, '點心', '2025-04-12')
GO

-- 插入 fitness_goals 數據 (20筆)
INSERT INTO [fitness_goals] ([user_id], [goal_type], [target_value], [current_progress], [unit], [start_date], [end_date], [status])
VALUES
(1, '減重', 5.0, 1.0, '公斤', '2025-04-09', NULL, '進行中'),
(2, '增肌', 3.0, 0.5, '公斤', '2025-04-09', NULL, '進行中'),
(3, '減脂', 30.0, 10.0, '%', '2025-04-09', NULL, '進行中'),
(4, '減重', 10.0, 4.0, '公斤', '2025-04-09', NULL, '進行中'),
(5, '增肌', 5.0, 1.0, '公斤', '2025-04-09', NULL, '進行中'),
(6, '減脂', 60.0, 15.0, '%', '2025-04-09', NULL, '進行中'),
(7, '減重', 7.0, 2.0, '公斤', '2025-04-09', NULL, '進行中'),
(8, '增肌', 4.0, 1.2, '公斤', '2025-04-09', NULL, '進行中'),
(9, '減脂', 45.0, 20.0, '%', '2025-04-09', NULL, '進行中'),
(10, '減重', 8.0, 3.0, '公斤', '2025-04-09', NULL, '進行中'),
(11, '增肌', 6.0, 2.0, '公斤', '2025-04-09', NULL, '進行中'),
(12, '減脂', 50.0, 25.0, '%', '2025-04-09', NULL, '進行中'),
(13, '減重', 4.0, 1.5, '公斤', '2025-04-09', NULL, '進行中'),
(14, '增肌', 3.5, 1.0, '公斤', '2025-04-09', NULL, '進行中'),
(15, '減脂', 40.0, 18.0, '%', '2025-04-09', NULL, '進行中'),
(16, '減重', 6.0, 2.5, '公斤', '2025-04-09', NULL, '進行中'),
(17, '增肌', 4.5, 1.5, '公斤', '2025-04-09', NULL, '進行中'),
(18, '減脂', 55.0, 22.0, '%', '2025-04-09', NULL, '進行中'),
(19, '減重', 9.0, 3.5, '公斤', '2025-04-09', NULL, '進行中'),
(20, '增肌', 5.0, 2.0, '公斤', '2025-04-09', NULL, '進行中');
GO

INSERT INTO [achievement_definitions] ([achievement_type],[title], [description], [image_url], [trigger_event]) VALUES
('FIRST_WORKOUT', N'初學者', N'完成了你的第一次運動紀錄！', '/images/1_workouts.png', 'WORKOUT_CREATED'),
('5_WORKOUTS', N'小試身手', N'完成了 5 次運動紀錄。', '/images/5_workouts.png', 'WORKOUT_CREATED'),
('10_WORKOUTS', N'持之以恆', N'完成了 10 次運動紀錄。', '/images/10_workouts.png', 'WORKOUT_CREATED'),
('LOGIN_1_DAY', N'新手報到', N'登入平台 1 天。', '/images/LOGIN_1_DAY.png', 'USER_LOGGED_IN'),
('LOGIN_3_DAYS', N'持續關注', N'連續登入平台 3 天。', '/images/LOGIN_3_DAYS.png', 'USER_LOGGED_IN'),
('LOGIN_7_DAYS', N'忠實用戶', N'連續登入平台 7 天。', '/images/LOGIN_7_DAYS.png', 'USER_LOGGED_IN'),
('GOAL_CREATED', N'目標設定者', N'設定了你的第一個健身目標。', '/images/GOAL_CREATED.png', 'GOAL_CREATED'),
('GOAL_COMPLETED_1', N'初次達標', N'完成了一個健身目標。', '/images/GOAL_COMPLETED_1.png', 'GOAL_COMPLETED'),
('GOAL_COMPLETED_5', N'小有成就', N'完成了 5 個健身目標。', '/images/GOAL_COMPLETED_5.png', 'GOAL_COMPLETED'),
('FIRST_BODY_DATA', N'身體記錄者', N'記錄了你的第一次身體數據。', '/images/FIRST_BODY_DATA.png', 'BODY_DATA_CREATED'),
('10_BODY_DATA', N'數據追蹤者', N'記錄了 10 次身體數據。', '/images/10_BODY_DATA.png', 'BODY_DATA_CREATED'),
('FIRST_DIET_LOG', N'飲食記錄者', N'記錄了你的第一條飲食數據。', '/images/FIRST_DIET_LOG.png', 'DIET_DATA_CREATED'),
('10_DIET_LOGS', N'飲食觀察家', N'記錄了 10 條飲食數據。', '/images/10_DIET_LOGS.png', 'DIET_DATA_CREATED'),
('FIRST_POST', N'發言新人', N'發表了你的第一篇文章。', '/images/FIRST_POST.png', 'SOCIAL_POST_CREATED'),
('5_POSTS', N'活躍用戶', N'發表了 5 篇文章。', '/images/5_POSTS.png', 'SOCIAL_POST_CREATED'),
('FIRST_COMMENT', N'熱情回覆', N'發表了你的第一條評論。', '/images/FIRST_COMMENT.png', 'SOCIAL_COMMENT_CREATED'),
('5_COMMENTS', N'積極互動', N'發表了 5 條評論。', '/images/5_COMMENTS.png', 'SOCIAL_COMMENT_CREATED'),
('25_WORKOUTS', N'健身愛好者', N'完成了 25 次運動紀錄。', '/images/25_workouts.png', 'WORKOUT_CREATED'),
('50_WORKOUTS', N'健身達人', N'完成了 50 次運動紀錄。', '/images/50_workouts.png', 'WORKOUT_CREATED'),
('LOGIN_30_DAYS', N'長期支持', N'連續登入平台 30 天。', '/images/LOGIN_30_DAYS.png', 'USER_LOGGED_IN'),
('LOGIN_90_DAYS', N'忠實夥伴', N'連續登入平台 90 天。', '/images/LOGIN_90_DAYS.png', 'USER_LOGGED_IN'),
('GOAL_COMPLETED_10', N'成就滿滿', N'完成了 10 個健身目標。', '/images/GOAL_COMPLETED_10.png', 'GOAL_COMPLETED'),
('GOAL_COMPLETED_25', N'大師級別', N'完成了 25 個健身目標。', '/images/GOAL_COMPLETED_25.png', 'GOAL_COMPLETED'),
('25_BODY_DATA', N'數據分析師', N'記錄了 25 次身體數據。', '/images/25_BODY_DATA.png', 'BODY_DATA_CREATED'),
('25_DIET_LOGS', N'美食記錄家', N'記錄了 25 條飲食數據。', '/images/25_DIET_LOGS.png', 'DIET_DATA_CREATED'),
('10_POSTS', N'論壇意見領袖', N'發表了 10 篇文章。', '/images/10_POSTS.png', 'SOCIAL_POST_CREATED'),
('10_COMMENTS', N'社群活躍者', N'發表了 10 條評論。', '/images/10_COMMENTS.png', 'SOCIAL_COMMENT_CREATED'),
('ULTIMATE_FITNESS', N'健康宗師', N'在平台上的各個方面都表現出色。', '/images/ULTIMATE_FITNESS.png', NULL), -- 這個可能需要更具體的觸發事件
('EARLY_BIRD', N'早起的鳥兒', N'在每天早上 6 點前完成運動。', '/images/EARLY_BIRD.png', 'WORKOUT_CREATED'), -- 或許需要一個定時檢查的觸發事件
('WEEKLY_WARRIOR', N'本週勇者', N'本週完成至少 3 次運動。', '/images/WEEKLY_WARRIOR.png', 'WORKOUT_CREATED'), -- 或許需要一個每週檢查的觸發事件
('SOCIAL_BUTTERFLY', N'社群蝴蝶', N'參與了 3 個不同的論壇主題。', '/images/SOCIAL_BUTTERFLY.png', 'SOCIAL_INTERACTION'); -- 你可能需要定義一個新的事件

GO


-- 插入 social_post 數據（含 view_count 欄位）
INSERT INTO [social_post] ([category], [title], [content], [user_id], [created_at], [updated_at], [view_count])
VALUES 
('nutrition', N'健身飲食禁忌', N'健身飲食禁忌 是許多健身朋友最關注的問題。我會根據個人體質調整飲食比例，每天至少攝取1.5g蛋白質/公斤，碳水盡量來自地瓜與糙米。這篇分享我三餐內容與準備方式。', 4, '2025-01-07 22:46:32', '2025-01-10 22:46:32', 294),
('recipe', N'增肌便當分享', N'增肌便當分享 是我自己實驗過多次的菜單，做法簡單、營養充足。我會介紹食材選擇、烹調技巧與保存方式，希望對忙碌又想吃得健康的朋友有所幫助。', 12, '2025-03-15 09:37:49', '2025-03-17 09:37:49', 510),
('motivation', N'激勵語錄分享', N'激勵語錄分享 是我健身低潮時的救星。這些方法幫助我維持動力、走出倦怠期，也讓我更懂得如何設定小目標與持之以恆，推薦給和我一樣曾經動力不足的你。', 4, '2025-02-14 15:07:55', '2025-02-15 15:07:55', 677),
('recipe', N'高蛋白早餐', N'高蛋白早餐 是我自己實驗過多次的菜單，做法簡單、營養充足。我會介紹食材選擇、烹調技巧與保存方式，希望對忙碌又想吃得健康的朋友有所幫助。', 21, '2025-03-29 04:46:23', '2025-03-29 04:46:23', 277),
('fitness', N'健身菜單分享', N'健身菜單分享 是我這陣子努力的成果，我從每週練兩天開始，到現在已經固定一週五練，包含重量訓練和有氧，效果非常明顯，分享給大家我的訓練心得與進步紀錄。', 11, '2025-02-01 16:54:40', '2025-02-07 16:54:40', 425),
('fitness', N'有效的肌力訓練法', N'有效的肌力訓練法 是我這陣子努力的成果，我從每週練兩天開始，到現在已經固定一週五練，包含重量訓練和有氧，效果非常明顯，分享給大家我的訓練心得與進步紀錄。', 12, '2025-02-04 19:34:41', '2025-02-08 19:34:41', 120),
('motivation', N'保持動力的方法', N'保持動力的方法 是我健身低潮時的救星。這些方法幫助我維持動力、走出倦怠期，也讓我更懂得如何設定小目標與持之以恆，推薦給和我一樣曾經動力不足的你。', 8, '2025-02-11 10:58:43', '2025-02-18 10:58:43', 543),
('nutrition', N'健身飲食禁忌', N'健身飲食禁忌 是許多健身朋友最關注的問題。我會根據個人體質調整飲食比例，每天至少攝取1.5g蛋白質/公斤，碳水盡量來自地瓜與糙米。這篇分享我三餐內容與準備方式。', 3, '2025-03-21 11:58:55', '2025-03-30 11:58:55', 71),
('motivation', N'保持動力的方法', N'保持動力的方法 是我健身低潮時的救星。這些方法幫助我維持動力、走出倦怠期，也讓我更懂得如何設定小目標與持之以恆，推薦給和我一樣曾經動力不足的你。', 11, '2025-02-10 12:46:06', '2025-02-16 12:46:06', 745),
('fitness', N'有效的肌力訓練法', N'有效的肌力訓練法 是我這陣子努力的成果，我從每週練兩天開始，到現在已經固定一週五練，包含重量訓練和有氧，效果非常明顯，分享給大家我的訓練心得與進步紀錄。', 7, '2024-12-19 07:47:21', '2024-12-27 07:47:21', 597),
('fitness', N'健身菜單分享', N'健身菜單分享 是我這陣子努力的成果，我從每週練兩天開始，到現在已經固定一週五練，包含重量訓練和有氧，效果非常明顯，分享給大家我的訓練心得與進步紀錄。', 11, '2024-12-12 08:58:07', '2024-12-16 08:58:07', 290),
('nutrition', N'健身飲食禁忌', N'健身飲食禁忌 是許多健身朋友最關注的問題。我會根據個人體質調整飲食比例，每天至少攝取1.5g蛋白質/公斤，碳水盡量來自地瓜與糙米。這篇分享我三餐內容與準備方式。', 12, '2025-02-12 22:02:21', '2025-02-12 22:02:21', 667),
('question', N'增肌怎麼吃？', N'增肌怎麼吃？ 是我當初健身時最困惑的問題，我查了許多資料，也詢問教練才找到答案。這篇整理了我的理解與解法，希望能幫助新手少走一些彎路。', 18, '2025-03-14 13:26:48', '2025-03-24 13:26:48', 299),
('recipe', N'增肌便當分享', N'增肌便當分享 是我自己實驗過多次的菜單，做法簡單、營養充足。我會介紹食材選擇、烹調技巧與保存方式，希望對忙碌又想吃得健康的朋友有所幫助。', 2, '2025-04-20 22:34:44', '2025-04-21 22:34:44', 867),
('motivation', N'訓練倦怠怎麼辦', N'訓練倦怠怎麼辦 是我健身低潮時的救星。這些方法幫助我維持動力、走出倦怠期，也讓我更懂得如何設定小目標與持之以恆，推薦給和我一樣曾經動力不足的你。', 9, '2025-03-13 18:12:25', '2025-03-22 18:12:25', 116),
('question', N'增肌怎麼吃？', N'增肌怎麼吃？ 是我當初健身時最困惑的問題，我查了許多資料，也詢問教練才找到答案。這篇整理了我的理解與解法，希望能幫助新手少走一些彎路。', 4, '2025-04-06 01:05:25', '2025-04-11 01:05:25', 425),
('fitness', N'健身菜單分享', N'健身菜單分享 是我這陣子努力的成果，我從每週練兩天開始，到現在已經固定一週五練，包含重量訓練和有氧，效果非常明顯，分享給大家我的訓練心得與進步紀錄。', 1, '2025-02-06 20:54:30', '2025-02-10 20:54:30', 66),
('nutrition', N'蛋白質攝取技巧', N'蛋白質攝取技巧 是許多健身朋友最關注的問題。我會根據個人體質調整飲食比例，每天至少攝取1.5g蛋白質/公斤，碳水盡量來自地瓜與糙米。這篇分享我三餐內容與準備方式。', 3, '2025-04-20 03:33:37', '2025-04-27 03:33:37', 454),
('recipe', N'低碳水甜點', N'低碳水甜點 是我自己實驗過多次的菜單，做法簡單、營養充足。我會介紹食材選擇、烹調技巧與保存方式，希望對忙碌又想吃得健康的朋友有所幫助。', 14, '2025-02-03 09:27:37', '2025-02-06 09:27:37', 191),
('recipe', N'高蛋白早餐', N'高蛋白早餐 是我自己實驗過多次的菜單，做法簡單、營養充足。我會介紹食材選擇、烹調技巧與保存方式，希望對忙碌又想吃得健康的朋友有所幫助。', 17, '2024-12-06 14:34:29', '2024-12-12 14:34:29', 684),
('motivation', N'我為什麼堅持健身', N'我為什麼堅持健身 是我健身低潮時的救星。這些方法幫助我維持動力、走出倦怠期，也讓我更懂得如何設定小目標與持之以恆，推薦給和我一樣曾經動力不足的你。', 20, '2024-12-28 06:27:04', '2024-12-30 06:27:04', 252),
('nutrition', N'健身飲食禁忌', N'健身飲食禁忌 是許多健身朋友最關注的問題。我會根據個人體質調整飲食比例，每天至少攝取1.5g蛋白質/公斤，碳水盡量來自地瓜與糙米。這篇分享我三餐內容與準備方式。', 17, '2025-02-26 08:32:07', '2025-03-01 08:32:07', 580),
('fitness', N'健身房新手注意事項', N'健身房新手注意事項 是我這陣子努力的成果，我從每週練兩天開始，到現在已經固定一週五練，包含重量訓練和有氧，效果非常明顯，分享給大家我的訓練心得與進步紀錄。', 6, '2025-04-01 16:27:11', '2025-04-07 16:27:11', 596),
('motivation', N'保持動力的方法', N'保持動力的方法 是我健身低潮時的救星。這些方法幫助我維持動力、走出倦怠期，也讓我更懂得如何設定小目標與持之以恆，推薦給和我一樣曾經動力不足的你。', 5, '2025-03-13 04:51:29', '2025-03-17 04:51:29', 540),
('question', N'增肌怎麼吃？', N'增肌怎麼吃？ 是我當初健身時最困惑的問題，我查了許多資料，也詢問教練才找到答案。這篇整理了我的理解與解法，希望能幫助新手少走一些彎路。', 10, '2025-03-30 13:21:22', '2025-04-03 13:21:22', 70),
('fitness', N'我的健身旅程', N'我的健身旅程 是我這陣子努力的成果，我從每週練兩天開始，到現在已經固定一週五練，包含重量訓練和有氧，效果非常明顯，分享給大家我的訓練心得與進步紀錄。', 21, '2025-03-19 02:15:00', '2025-03-24 02:15:00', 531),
('question', N'一天該練多久？', N'一天該練多久？ 是我當初健身時最困惑的問題，我查了許多資料，也詢問教練才找到答案。這篇整理了我的理解與解法，希望能幫助新手少走一些彎路。', 13, '2024-12-09 09:22:41', '2024-12-11 09:22:41', 919),
('nutrition', N'蛋白質攝取技巧', N'蛋白質攝取技巧 是許多健身朋友最關注的問題。我會根據個人體質調整飲食比例，每天至少攝取1.5g蛋白質/公斤，碳水盡量來自地瓜與糙米。這篇分享我三餐內容與準備方式。', 12, '2024-12-13 20:35:32', '2024-12-18 20:35:32', 719),
('question', N'增肌怎麼吃？', N'增肌怎麼吃？ 是我當初健身時最困惑的問題，我查了許多資料，也詢問教練才找到答案。這篇整理了我的理解與解法，希望能幫助新手少走一些彎路。', 5, '2024-12-15 07:31:09', '2024-12-22 07:31:09', 528),
('motivation', N'激勵語錄分享', N'激勵語錄分享 是我健身低潮時的救星。這些方法幫助我維持動力、走出倦怠期，也讓我更懂得如何設定小目標與持之以恆，推薦給和我一樣曾經動力不足的你。', 4, '2025-02-13 07:23:22', '2025-02-15 07:23:22', 633),
('question', N'一天該練多久？', N'一天該練多久？ 是我當初健身時最困惑的問題，我查了許多資料，也詢問教練才找到答案。這篇整理了我的理解與解法，希望能幫助新手少走一些彎路。', 5, '2025-03-13 05:55:25', '2025-03-14 05:55:25', 654),
('motivation', N'保持動力的方法', N'保持動力的方法 是我健身低潮時的救星。這些方法幫助我維持動力、走出倦怠期，也讓我更懂得如何設定小目標與持之以恆，推薦給和我一樣曾經動力不足的你。', 5, '2024-12-11 03:16:44', '2024-12-12 03:16:44', 306),
('recipe', N'增肌便當分享', N'增肌便當分享 是我自己實驗過多次的菜單，做法簡單、營養充足。我會介紹食材選擇、烹調技巧與保存方式，希望對忙碌又想吃得健康的朋友有所幫助。', 16, '2025-03-13 15:05:46', '2025-03-23 15:05:46', 911),
('motivation', N'激勵語錄分享', N'激勵語錄分享 是我健身低潮時的救星。這些方法幫助我維持動力、走出倦怠期，也讓我更懂得如何設定小目標與持之以恆，推薦給和我一樣曾經動力不足的你。', 19, '2024-12-25 02:00:59', '2025-01-03 02:00:59', 672),
('nutrition', N'減脂期吃什麼', N'減脂期吃什麼 是許多健身朋友最關注的問題。我會根據個人體質調整飲食比例，每天至少攝取1.5g蛋白質/公斤，碳水盡量來自地瓜與糙米。這篇分享我三餐內容與準備方式。', 5, '2025-03-06 04:03:22', '2025-03-11 04:03:22', 653),
('question', N'一天該練多久？', N'一天該練多久？ 是我當初健身時最困惑的問題，我查了許多資料，也詢問教練才找到答案。這篇整理了我的理解與解法，希望能幫助新手少走一些彎路。', 16, '2025-02-14 16:28:06', '2025-02-14 16:28:06', 256),
('fitness', N'健身菜單分享', N'健身菜單分享 是我這陣子努力的成果，我從每週練兩天開始，到現在已經固定一週五練，包含重量訓練和有氧，效果非常明顯，分享給大家我的訓練心得與進步紀錄。', 12, '2025-02-24 19:38:07', '2025-03-02 19:38:07', 102),
('recipe', N'蛋白飲推薦', N'蛋白飲推薦 是我自己實驗過多次的菜單，做法簡單、營養充足。我會介紹食材選擇、烹調技巧與保存方式，希望對忙碌又想吃得健康的朋友有所幫助。', 20, '2025-02-11 16:52:14', '2025-02-17 16:52:14', 897),
('motivation', N'我為什麼堅持健身', N'我為什麼堅持健身 是我健身低潮時的救星。這些方法幫助我維持動力、走出倦怠期，也讓我更懂得如何設定小目標與持之以恆，推薦給和我一樣曾經動力不足的你。', 9, '2025-04-19 17:19:38', '2025-04-21 17:19:38', 101),
('recipe', N'增肌便當分享', N'增肌便當分享 是我自己實驗過多次的菜單，做法簡單、營養充足。我會介紹食材選擇、烹調技巧與保存方式，希望對忙碌又想吃得健康的朋友有所幫助。', 3, '2025-02-28 06:52:01', '2025-03-01 06:52:01', 554),
('question', N'怎麼提升深蹲重量？', N'怎麼提升深蹲重量？ 是我當初健身時最困惑的問題，我查了許多資料，也詢問教練才找到答案。這篇整理了我的理解與解法，希望能幫助新手少走一些彎路。', 9, '2025-02-17 13:05:36', '2025-02-27 13:05:36', 88),
('nutrition', N'減脂期吃什麼', N'減脂期吃什麼 是許多健身朋友最關注的問題。我會根據個人體質調整飲食比例，每天至少攝取1.5g蛋白質/公斤，碳水盡量來自地瓜與糙米。這篇分享我三餐內容與準備方式。', 9, '2025-02-28 19:14:38', '2025-03-04 19:14:38', 180),
('recipe', N'蛋白飲推薦', N'蛋白飲推薦 是我自己實驗過多次的菜單，做法簡單、營養充足。我會介紹食材選擇、烹調技巧與保存方式，希望對忙碌又想吃得健康的朋友有所幫助。', 17, '2025-02-06 09:14:13', '2025-02-11 09:14:13', 893),
('question', N'增肌怎麼吃？', N'增肌怎麼吃？ 是我當初健身時最困惑的問題，我查了許多資料，也詢問教練才找到答案。這篇整理了我的理解與解法，希望能幫助新手少走一些彎路。', 15, '2025-02-21 11:23:23', '2025-03-02 11:23:23', 626),
('question', N'一天該練多久？', N'一天該練多久？ 是我當初健身時最困惑的問題，我查了許多資料，也詢問教練才找到答案。這篇整理了我的理解與解法，希望能幫助新手少走一些彎路。', 19, '2025-04-15 05:24:56', '2025-04-21 05:24:56', 637),
('recipe', N'增肌便當分享', N'增肌便當分享 是我自己實驗過多次的菜單，做法簡單、營養充足。我會介紹食材選擇、烹調技巧與保存方式，希望對忙碌又想吃得健康的朋友有所幫助。', 15, '2025-01-02 13:25:25', '2025-01-11 13:25:25', 596),
('fitness', N'我的健身旅程', N'我的健身旅程 是我這陣子努力的成果，我從每週練兩天開始，到現在已經固定一週五練，包含重量訓練和有氧，效果非常明顯，分享給大家我的訓練心得與進步紀錄。', 2, '2025-01-24 03:39:37', '2025-01-26 03:39:37', 549),
('recipe', N'高蛋白早餐', N'高蛋白早餐 是我自己實驗過多次的菜單，做法簡單、營養充足。我會介紹食材選擇、烹調技巧與保存方式，希望對忙碌又想吃得健康的朋友有所幫助。', 21, '2025-01-23 18:12:35', '2025-01-30 18:12:35', 264),
('question', N'減脂期能吃澱粉嗎？', N'減脂期能吃澱粉嗎？ 是我當初健身時最困惑的問題，我查了許多資料，也詢問教練才找到答案。這篇整理了我的理解與解法，希望能幫助新手少走一些彎路。', 8, '2025-01-31 10:49:28', '2025-01-31 10:49:28', 382),
('fitness', N'有效的肌力訓練法', N'有效的肌力訓練法 是我這陣子努力的成果，我從每週練兩天開始，到現在已經固定一週五練，包含重量訓練和有氧，效果非常明顯，分享給大家我的訓練心得與進步紀錄。', 11, '2025-02-20 14:30:32', '2025-02-26 14:30:32', 707),
('fitness', N'核心訓練入門', N'核心肌群是維持身體穩定的關鍵，初學者可從平板支撐開始練習。每天維持30秒至1分鐘，逐漸延長時間，搭配腹式呼吸，能有效強化腹肌及下背肌群。持續訓練有助改善姿勢，減少腰酸背痛，並提升運動表現。建議每週練習3到4次，逐步增加強度。', 20, '2025-03-08 18:23:52', '2025-03-17 18:23:52', 928),
('recipe', N'高蛋白早餐推薦', N'一天的開始需要充足蛋白質！建議早餐可搭配水煮蛋、希臘優格、燕麥片與堅果，補充優質蛋白與纖維。可以自製蛋白煎餅，加入蛋白粉、香蕉和少量麵粉製作，既方便又營養。攝取高蛋白有助於增加飽足感，避免中午前血糖大幅波動。', 5, '2025-01-19 08:53:10', '2025-01-27 08:53:10', 413),
('recipe', N'減脂便當簡單做', N'想要減脂又兼顧營養，可以試著自己準備便當。以雞胸肉、鮭魚、蒸地瓜、烤時蔬為主食材，搭配簡單調味如胡椒粉與檸檬汁即可。控制油脂攝取，並增加膳食纖維，有助於維持飽足感。準備便當也能避免外食過多油鹽負擔。', 15, '2025-01-15 17:11:57', '2025-01-19 17:11:57', 820),
('motivation', N'堅持健身的方法', N'健身最難的是持之以恆。建議設定短期可達成的小目標，如每週健身三次，完成一次深蹲挑戰等。找一位一起訓練的夥伴，可以相互激勵。記錄每次訓練進步，例如增加重量或次數，也能帶來成就感，促使你更有動力繼續努力。', 12, '2025-02-15 19:41:49', '2025-02-19 19:41:49', 689),
('fitness', N'深蹲姿勢要領', N'深蹲是訓練下半身最有效的動作之一，但姿勢正確很重要。下蹲時背部要保持挺直，膝蓋不超過腳尖，重心放在腳跟。啟動時以臀部向後推，避免膝蓋內夾。可從徒手深蹲開始，練習穩定後再增加負重，有助於強化臀腿力量。', 5, '2025-01-12 23:54:27', '2025-01-12 23:54:27', 500),
('fitness', N'健身菜單分享', N'健身菜單分享 是我這陣子努力的成果，我從每週練兩天開始，到現在已經固定一週五練，包含重量訓練和有氧，效果非常明顯，分享給大家我的訓練心得與進步紀錄。
訓練後的伸展與睡眠同樣重要，身體恢復好了，才能持續進步。不要忽略恢復這件事！
飲食方面我會盡量吃天然、原型食物，避免加工品，並確保每餐都有蛋白質、蔬菜與複合碳水化合物。
健身不只是身體的鍛鍊，更是對意志力的挑戰。每當我覺得放棄時，我就會想起當初開始的原因。
我發現記錄訓練日誌對進步非常有幫助。可以追蹤重量、組數與次數，長期下來能看出明顯成效。
飲食方面我會盡量吃天然、原型食物，避免加工品，並確保每餐都有蛋白質、蔬菜與複合碳水化合物。
我發現記錄訓練日誌對進步非常有幫助。可以追蹤重量、組數與次數，長期下來能看出明顯成效。', 6, '2025-03-29 18:16:13', '2025-04-05 18:16:13', 123),
('motivation', N'健身影片推薦', N'健身影片推薦 是我健身低潮時的救星。這些方法幫助我維持動力、走出倦怠期，也讓我更懂得如何設定小目標與持之以恆，推薦給和我一樣曾經動力不足的你。
飲食方面我會盡量吃天然、原型食物，避免加工品，並確保每餐都有蛋白質、蔬菜與複合碳水化合物。
健身不只是身體的鍛鍊，更是對意志力的挑戰。每當我覺得放棄時，我就會想起當初開始的原因。
我發現記錄訓練日誌對進步非常有幫助。可以追蹤重量、組數與次數，長期下來能看出明顯成效。
訓練後的伸展與睡眠同樣重要，身體恢復好了，才能持續進步。不要忽略恢復這件事！
健身不只是身體的鍛鍊，更是對意志力的挑戰。每當我覺得放棄時，我就會想起當初開始的原因。', 5, '2025-02-23 20:13:50', '2025-03-01 20:13:50', 953),
('question', N'減脂期要重訓嗎？', N'很多人在減脂期間只專注有氧運動，忽略了重訓的重要性。其實重訓能夠保留肌肉量，提高基礎代謝率，使減脂更有效率。建議每週安排2到3次重量訓練，搭配有氧運動及飲食控制。適當負重及規律訓練能讓身體線條更明顯，減脂效果更佳。', 17, '2025-04-19 06:12:26', '2025-04-29 06:12:26', 799),
('question', N'怎麼提升深蹲重量？', N'怎麼提升深蹲重量？ 是我當初健身時最困惑的問題，我查了許多資料，也詢問教練才找到答案。這篇整理了我的理解與解法，希望能幫助新手少走一些彎路。
我發現記錄訓練日誌對進步非常有幫助。可以追蹤重量、組數與次數，長期下來能看出明顯成效。
每天訓練前我都會做足熱身，像是動態伸展或低強度有氧。這不僅能幫助身體進入狀態，還能避免受傷。
訓練後的伸展與睡眠同樣重要，身體恢復好了，才能持續進步。不要忽略恢復這件事！
每天訓練前我都會做足熱身，像是動態伸展或低強度有氧。這不僅能幫助身體進入狀態，還能避免受傷。
訓練後的伸展與睡眠同樣重要，身體恢復好了，才能持續進步。不要忽略恢復這件事！', 8, '2025-02-28 19:10:05', '2025-03-09 19:10:05', 338),
('recipe', N'高蛋白早餐', N'高蛋白早餐 是我自己實驗過多次的菜單，做法簡單、營養充足。我會介紹食材選擇、烹調技巧與保存方式，希望對忙碌又想吃得健康的朋友有所幫助。
訓練後的伸展與睡眠同樣重要，身體恢復好了，才能持續進步。不要忽略恢復這件事！
健身不只是身體的鍛鍊，更是對意志力的挑戰。每當我覺得放棄時，我就會想起當初開始的原因。
我發現記錄訓練日誌對進步非常有幫助。可以追蹤重量、組數與次數，長期下來能看出明顯成效。
健身不只是身體的鍛鍊，更是對意志力的挑戰。每當我覺得放棄時，我就會想起當初開始的原因。
我發現記錄訓練日誌對進步非常有幫助。可以追蹤重量、組數與次數，長期下來能看出明顯成效。
健身不只是身體的鍛鍊，更是對意志力的挑戰。每當我覺得放棄時，我就會想起當初開始的原因。', 5, '2025-02-21 09:12:14', '2025-02-25 09:12:14', 988),
('nutrition', N'我的健身餐搭配', N'我的健身餐搭配 是許多健身朋友最關注的問題。我會根據個人體質調整飲食比例，每天至少攝取1.5g蛋白質/公斤，碳水盡量來自地瓜與糙米。這篇分享我三餐內容與準備方式。
我發現記錄訓練日誌對進步非常有幫助。可以追蹤重量、組數與次數，長期下來能看出明顯成效。
訓練後的伸展與睡眠同樣重要，身體恢復好了，才能持續進步。不要忽略恢復這件事！
訓練後的伸展與睡眠同樣重要，身體恢復好了，才能持續進步。不要忽略恢復這件事！
每天訓練前我都會做足熱身，像是動態伸展或低強度有氧。這不僅能幫助身體進入狀態，還能避免受傷。
我發現記錄訓練日誌對進步非常有幫助。可以追蹤重量、組數與次數，長期下來能看出明顯成效。
飲食方面我會盡量吃天然、原型食物，避免加工品，並確保每餐都有蛋白質、蔬菜與複合碳水化合物。', 12, '2025-04-10 06:16:05', '2025-04-19 06:16:05', 288),
('nutrition', N'我的健身餐搭配', N'我的健身餐搭配 是許多健身朋友最關注的問題。我會根據個人體質調整飲食比例，每天至少攝取1.5g蛋白質/公斤，碳水盡量來自地瓜與糙米。這篇分享我三餐內容與準備方式。
我發現記錄訓練日誌對進步非常有幫助。可以追蹤重量、組數與次數，長期下來能看出明顯成效。
每天訓練前我都會做足熱身，像是動態伸展或低強度有氧。這不僅能幫助身體進入狀態，還能避免受傷。
我發現記錄訓練日誌對進步非常有幫助。可以追蹤重量、組數與次數，長期下來能看出明顯成效。', 10, '2025-01-12 10:42:26', '2025-01-18 10:42:26', 139),
('motivation', N'健身影片推薦', N'健身影片推薦 是我健身低潮時的救星。這些方法幫助我維持動力、走出倦怠期，也讓我更懂得如何設定小目標與持之以恆，推薦給和我一樣曾經動力不足的你。
每天訓練前我都會做足熱身，像是動態伸展或低強度有氧。這不僅能幫助身體進入狀態，還能避免受傷。
健身不只是身體的鍛鍊，更是對意志力的挑戰。每當我覺得放棄時，我就會想起當初開始的原因。
飲食方面我會盡量吃天然、原型食物，避免加工品，並確保每餐都有蛋白質、蔬菜與複合碳水化合物。', 11, '2025-04-15 18:18:45', '2025-04-22 18:18:45', 964),
('motivation', N'保持動力的方法', N'保持動力的方法 是我健身低潮時的救星。這些方法幫助我維持動力、走出倦怠期，也讓我更懂得如何設定小目標與持之以恆，推薦給和我一樣曾經動力不足的你。
飲食方面我會盡量吃天然、原型食物，避免加工品，並確保每餐都有蛋白質、蔬菜與複合碳水化合物。
我發現記錄訓練日誌對進步非常有幫助。可以追蹤重量、組數與次數，長期下來能看出明顯成效。
訓練後的伸展與睡眠同樣重要，身體恢復好了，才能持續進步。不要忽略恢復這件事！
健身不只是身體的鍛鍊，更是對意志力的挑戰。每當我覺得放棄時，我就會想起當初開始的原因。', 18, '2024-12-06 00:35:08', '2024-12-12 00:35:08', 666),
('nutrition', N'健康飲食建議', N'健康飲食建議 是許多健身朋友最關注的問題。我會根據個人體質調整飲食比例，每天至少攝取1.5g蛋白質/公斤，碳水盡量來自地瓜與糙米。這篇分享我三餐內容與準備方式。
健身不只是身體的鍛鍊，更是對意志力的挑戰。每當我覺得放棄時，我就會想起當初開始的原因。
每天訓練前我都會做足熱身，像是動態伸展或低強度有氧。這不僅能幫助身體進入狀態，還能避免受傷。
飲食方面我會盡量吃天然、原型食物，避免加工品，並確保每餐都有蛋白質、蔬菜與複合碳水化合物。
我發現記錄訓練日誌對進步非常有幫助。可以追蹤重量、組數與次數，長期下來能看出明顯成效。', 16, '2025-02-22 13:50:55', '2025-02-26 13:50:55', 142)
GO

-- 插入新的 comment 假資料
INSERT INTO [comment] ([post_id], [user_id], [text], [created_at], [updated_at])
VALUES
(47, 10, N'這我學到了～', '2025-02-23 07:28:00', '2025-02-23 08:47:00'),
(47, 13, N'好人一生平安', '2025-04-13 22:53:00', '2025-04-13 23:13:00'),
(47, 11, N'這主題我剛好也在研究', '2025-02-13 20:53:00', '2025-02-13 22:24:00'),
(47, 9, N'好棒！', '2025-03-28 14:23:00', '2025-03-28 14:45:00'),
(47, 5, N'這篇推爆🔥', '2025-04-07 05:58:00', '2025-04-07 06:29:00'),
(47, 7, N'感謝整理這麼清楚', '2025-04-07 00:30:00', '2025-04-07 01:22:00'),
(42, 2, N'想請教一下細節', '2025-04-05 17:39:00', '2025-04-05 17:54:00'),
(42, 6, N'這主題我剛好也在研究', '2025-03-26 05:05:00', '2025-03-26 06:22:00'),
(42, 6, N'感謝整理這麼清楚', '2025-04-16 06:34:00', '2025-04-16 07:48:00'),
(42, 14, N'好棒！', '2025-04-15 11:34:00', '2025-04-15 12:01:00'),
(42, 9, N'這篇推爆🔥', '2025-04-19 12:18:00', '2025-04-19 13:10:00'),
(42, 4, N'太感謝了', '2025-03-25 02:38:00', '2025-03-25 03:26:00'),
(38, 14, N'太感謝了', '2025-04-24 19:34:00', '2025-04-24 21:23:00'),
(38, 9, N'太感謝了', '2025-04-24 13:14:00', '2025-04-24 13:42:00'),
(38, 1, N'感謝整理這麼清楚', '2025-04-18 15:30:00', '2025-04-18 15:58:00'),
(38, 12, N'感謝整理這麼清楚', '2025-04-24 06:37:00', '2025-04-24 07:41:00'),
(8, 8, N'受益良多，感謝分享！', '2025-01-15 07:48:00', '2025-01-15 08:54:00'),
(8, 1, N'太感謝了', '2024-12-06 01:06:00', '2024-12-06 02:26:00'),
(32, 10, N'這篇推爆🔥', '2025-04-16 18:18:00', '2025-04-16 19:59:00'),
(32, 6, N'健身之路不孤單', '2025-04-02 01:38:00', '2025-04-02 02:19:00'),
(56, 4, N'這主題我剛好也在研究', '2024-11-20 22:41:00', '2024-11-20 22:59:00'),
(56, 16, N'好棒！', '2025-03-02 12:01:00', '2025-03-02 13:39:00'),
(56, 1, N'感謝整理這麼清楚', '2025-04-26 22:44:00', '2025-04-26 22:54:00'),
(56, 4, N'受益良多，感謝分享！', '2025-03-17 22:34:00', '2025-03-17 22:58:00'),
(56, 7, N'這我學到了～', '2025-03-18 21:38:00', '2025-03-18 23:32:00'),
(53, 10, N'這我學到了～', '2025-04-24 08:44:00', '2025-04-24 09:26:00'),
(53, 4, N'健身之路不孤單', '2025-04-30 00:00:00', '2025-04-30 01:00:00'),
(7, 7, N'好人一生平安', '2025-04-22 03:37:00', '2025-04-22 05:07:00'),
(7, 6, N'這我學到了～', '2025-04-26 12:32:00', '2025-04-26 14:12:00'),
(7, 3, N'這篇推爆🔥', '2025-04-24 05:17:00', '2025-04-24 06:18:00'),
(7, 15, N'健身之路不孤單', '2025-04-21 20:06:00', '2025-04-21 20:23:00'),
(7, 7, N'想請教一下細節', '2025-04-23 09:19:00', '2025-04-23 09:32:00'),
(7, 13, N'好棒！', '2025-04-30 00:00:00', '2025-04-30 01:51:00'),
(14, 7, N'這我學到了～', '2025-04-19 23:57:00', '2025-04-20 00:35:00'),
(14, 19, N'這我學到了～', '2025-04-23 14:48:00', '2025-04-23 14:59:00'),
(15, 17, N'太感謝了', '2025-03-21 04:16:00', '2025-03-21 04:56:00'),
(15, 17, N'太感謝了', '2025-02-22 05:36:00', '2025-02-22 07:12:00'),
(15, 5, N'健身之路不孤單', '2025-04-08 04:46:00', '2025-04-08 05:09:00'),
(15, 10, N'這篇推爆🔥', '2025-01-26 22:13:00', '2025-01-26 23:36:00'),
(15, 9, N'這我學到了～', '2025-04-08 20:24:00', '2025-04-08 21:48:00'),
(54, 20, N'受益良多，感謝分享！', '2025-04-02 13:51:00', '2025-04-02 15:29:00'),
(54, 6, N'感謝整理這麼清楚', '2025-03-05 00:09:00', '2025-03-05 00:27:00'),
(29, 2, N'好棒！', '2025-03-05 10:33:00', '2025-03-05 11:45:00'),
(29, 15, N'受益良多，感謝分享！', '2025-04-29 16:17:00', '2025-04-29 17:21:00'),
(29, 15, N'這主題我剛好也在研究', '2025-03-04 10:48:00', '2025-03-04 12:19:00'),
(29, 14, N'太感謝了', '2025-04-25 16:07:00', '2025-04-25 17:27:00'),
(29, 10, N'這我學到了～', '2025-04-22 22:14:00', '2025-04-22 23:09:00'),
(26, 12, N'好人一生平安', '2025-03-07 23:24:00', '2025-03-08 00:33:00'),
(26, 4, N'太感謝了', '2025-03-25 02:45:00', '2025-03-25 03:24:00'),
(3, 20, N'健身之路不孤單', '2025-04-12 06:22:00', '2025-04-12 06:57:00'),
(3, 4, N'受益良多，感謝分享！', '2025-04-17 08:30:00', '2025-04-17 10:18:00'),
(3, 10, N'這我學到了～', '2025-04-16 18:37:00', '2025-04-16 20:23:00'),
(3, 19, N'太感謝了', '2025-04-12 12:57:00', '2025-04-12 13:58:00'),
(64, 5, N'這篇推爆🔥', '2025-04-30 00:00:00', '2025-04-30 00:30:00'),
(64, 17, N'健身之路不孤單', '2025-04-06 09:56:00', '2025-04-06 10:32:00'),
(64, 20, N'這主題我剛好也在研究', '2025-04-05 14:34:00', '2025-04-05 16:22:00'),
(11, 12, N'這我學到了～', '2025-03-20 20:48:00', '2025-03-20 22:35:00'),
(11, 17, N'這我學到了～', '2025-04-05 22:43:00', '2025-04-05 23:34:00'),
(11, 20, N'健身之路不孤單', '2025-03-01 01:19:00', '2025-03-01 02:28:00'),
(11, 9, N'受益良多，感謝分享！', '2025-03-08 18:34:00', '2025-03-08 19:51:00'),
(11, 4, N'這主題我剛好也在研究', '2025-04-01 06:00:00', '2025-04-01 06:28:00'),
(11, 9, N'想請教一下細節', '2025-04-26 02:54:00', '2025-04-26 03:21:00'),
(11, 6, N'好人一生平安', '2025-03-18 00:15:00', '2025-03-18 01:20:00'),
(25, 14, N'太感謝了', '2025-01-29 23:12:00', '2025-01-30 00:01:00'),
(25, 16, N'好人一生平安', '2025-04-06 16:13:00', '2025-04-06 17:54:00'),
(25, 2, N'好人一生平安', '2025-04-27 09:52:00', '2025-04-27 11:15:00'),
(25, 20, N'這我學到了～', '2025-03-17 12:09:00', '2025-03-17 13:47:00'),
(25, 4, N'好人一生平安', '2025-03-12 04:00:00', '2025-03-12 05:27:00'),
(9, 17, N'受益良多，感謝分享！', '2025-03-12 11:19:00', '2025-03-12 11:47:00'),
(9, 10, N'感謝整理這麼清楚', '2025-04-24 05:39:00', '2025-04-24 07:23:00'),
(48, 17, N'好人一生平安', '2025-01-11 16:45:00', '2025-01-11 17:55:00'),
(48, 13, N'好棒！', '2025-01-09 04:15:00', '2025-01-09 05:53:00'),
(48, 4, N'這我學到了～', '2025-01-09 19:43:00', '2025-01-09 20:31:00'),
(48, 4, N'太感謝了', '2025-03-08 22:42:00', '2025-03-09 00:31:00'),
(31, 2, N'這篇推爆🔥', '2025-04-18 10:10:00', '2025-04-18 10:29:00'),
(31, 10, N'感謝整理這麼清楚', '2025-04-07 22:29:00', '2025-04-08 00:07:00'),
(17, 10, N'這篇推爆🔥', '2025-02-16 13:48:00', '2025-02-16 14:26:00'),
(17, 1, N'好人一生平安', '2025-01-09 14:22:00', '2025-01-09 15:27:00'),
(20, 13, N'這篇推爆🔥', '2025-03-22 13:24:00', '2025-03-22 14:16:00'),
(20, 3, N'感謝整理這麼清楚', '2025-04-20 11:13:00', '2025-04-20 12:59:00'),
(20, 7, N'好人一生平安', '2025-03-31 17:28:00', '2025-03-31 18:11:00'),
(20, 17, N'受益良多，感謝分享！', '2025-03-19 06:50:00', '2025-03-19 07:39:00'),
(20, 11, N'這主題我剛好也在研究', '2025-03-27 03:05:00', '2025-03-27 04:45:00'),
(35, 17, N'想請教一下細節', '2025-04-13 15:27:00', '2025-04-13 17:15:00'),
(35, 19, N'健身之路不孤單', '2025-04-27 08:17:00', '2025-04-27 09:07:00'),
(35, 4, N'受益良多，感謝分享！', '2025-04-16 11:36:00', '2025-04-16 12:27:00'),
(35, 16, N'健身之路不孤單', '2025-04-17 20:34:00', '2025-04-17 22:13:00'),
(33, 18, N'想請教一下細節', '2025-03-13 01:17:00', '2025-03-13 01:55:00'),
(33, 4, N'受益良多，感謝分享！', '2025-04-23 04:25:00', '2025-04-23 05:13:00'),
(33, 8, N'這篇推爆🔥', '2025-03-16 11:05:00', '2025-03-16 11:59:00'),
(33, 18, N'太感謝了', '2025-04-12 23:39:00', '2025-04-13 00:54:00'),
(37, 10, N'健身之路不孤單', '2025-02-14 18:21:00', '2025-02-14 19:31:00'),
(37, 1, N'太感謝了', '2025-03-17 14:35:00', '2025-03-17 14:47:00'),
(37, 5, N'健身之路不孤單', '2025-01-04 03:14:00', '2025-01-04 04:20:00'),
(37, 5, N'想請教一下細節', '2025-01-06 20:01:00', '2025-01-06 21:30:00'),
(37, 7, N'這主題我剛好也在研究', '2025-02-06 11:39:00', '2025-02-06 12:15:00'),
(37, 19, N'太感謝了', '2024-12-22 06:20:00', '2024-12-22 07:42:00'),
(37, 8, N'這篇推爆🔥', '2025-01-13 20:31:00', '2025-01-13 21:23:00'),
(55, 11, N'太感謝了', '2025-01-08 10:45:00', '2025-01-08 12:12:00'),
(55, 12, N'這篇推爆🔥', '2024-12-19 17:49:00', '2024-12-19 18:20:00'),
(55, 2, N'這主題我剛好也在研究', '2025-01-08 22:04:00', '2025-01-08 23:15:00'),
(16, 16, N'感謝整理這麼清楚', '2025-04-08 18:31:00', '2025-04-08 19:12:00'),
(16, 17, N'這我學到了～', '2025-02-07 18:59:00', '2025-02-07 20:29:00'),
(16, 17, N'這篇推爆🔥', '2025-03-13 05:18:00', '2025-03-13 06:23:00'),
(16, 2, N'這我學到了～', '2025-04-26 20:10:00', '2025-04-26 22:03:00'),
(16, 15, N'太感謝了', '2025-02-13 09:57:00', '2025-02-13 10:16:00'),
(16, 6, N'好棒！', '2025-01-27 07:23:00', '2025-01-27 09:19:00'),
(16, 6, N'想請教一下細節', '2025-04-15 17:08:00', '2025-04-15 18:56:00'),
(65, 15, N'想請教一下細節', '2025-03-08 10:24:00', '2025-03-08 11:29:00'),
(65, 15, N'感謝整理這麼清楚', '2025-02-14 05:08:00', '2025-02-14 06:49:00'),
(65, 20, N'感謝整理這麼清楚', '2025-02-07 12:03:00', '2025-02-07 13:52:00'),
(65, 14, N'健身之路不孤單', '2025-02-08 11:23:00', '2025-02-08 12:42:00'),
(65, 15, N'太感謝了', '2025-02-07 14:00:00', '2025-02-07 14:53:00'),
(65, 15, N'想請教一下細節', '2025-04-19 02:56:00', '2025-04-19 04:29:00'),
(65, 15, N'好人一生平安', '2025-03-29 05:45:00', '2025-03-29 06:04:00'),
(36, 19, N'好人一生平安', '2025-02-27 07:10:00', '2025-02-27 08:31:00'),
(36, 13, N'健身之路不孤單', '2025-02-03 01:08:00', '2025-02-03 03:01:00'),
(36, 12, N'太感謝了', '2025-04-25 00:25:00', '2025-04-25 00:52:00'),
(36, 18, N'受益良多，感謝分享！', '2025-02-13 23:37:00', '2025-02-14 01:20:00'),
(36, 4, N'太感謝了', '2025-04-21 06:21:00', '2025-04-21 07:59:00'),
(63, 2, N'這主題我剛好也在研究', '2025-04-04 09:58:00', '2025-04-04 10:20:00'),
(63, 8, N'好人一生平安', '2025-03-25 19:14:00', '2025-03-25 19:45:00'),
(22, 20, N'這我學到了～', '2025-03-03 17:06:00', '2025-03-03 18:12:00'),
(22, 13, N'這篇推爆🔥', '2025-02-28 04:30:00', '2025-02-28 05:58:00'),
(22, 6, N'受益良多，感謝分享！', '2025-04-26 13:58:00', '2025-04-26 14:40:00'),
(22, 5, N'好人一生平安', '2025-01-18 21:19:00', '2025-01-18 23:19:00'),
(43, 16, N'這主題我剛好也在研究', '2025-04-10 03:56:00', '2025-04-10 05:04:00'),
(43, 18, N'感謝整理這麼清楚', '2025-03-13 00:27:00', '2025-03-13 00:50:00'),
(43, 5, N'感謝整理這麼清楚', '2025-02-08 18:45:00', '2025-02-08 20:11:00'),
(43, 8, N'太感謝了', '2025-03-12 20:21:00', '2025-03-12 21:24:00'),
(43, 12, N'感謝整理這麼清楚', '2025-04-28 00:36:00', '2025-04-28 02:05:00'),
(43, 10, N'好棒！', '2025-04-15 14:56:00', '2025-04-15 16:22:00'),
(41, 2, N'受益良多，感謝分享！', '2024-12-16 06:02:00', '2024-12-16 06:38:00'),
(41, 1, N'太感謝了', '2025-03-23 02:04:00', '2025-03-23 03:52:00'),
(41, 18, N'好棒！', '2025-03-03 12:10:00', '2025-03-03 13:24:00'),
(41, 18, N'感謝整理這麼清楚', '2025-02-02 16:35:00', '2025-02-02 17:45:00'),
(41, 1, N'受益良多，感謝分享！', '2025-03-06 10:00:00', '2025-03-06 11:17:00'),
(41, 20, N'這我學到了～', '2025-03-22 17:07:00', '2025-03-22 17:42:00'),
(2, 6, N'感謝整理這麼清楚', '2025-01-11 22:18:00', '2025-01-12 00:13:00'),
(2, 19, N'這我學到了～', '2025-02-11 22:09:00', '2025-02-11 23:49:00'),
(2, 3, N'這我學到了～', '2025-03-02 02:45:00', '2025-03-02 03:50:00'),
(2, 2, N'想請教一下細節', '2024-12-19 14:18:00', '2024-12-19 16:05:00'),
(2, 17, N'好棒！', '2025-03-27 15:20:00', '2025-03-27 15:39:00'),
(2, 13, N'這篇推爆🔥', '2025-01-19 06:11:00', '2025-01-19 07:59:00'),
(5, 18, N'感謝整理這麼清楚', '2024-11-30 14:56:00', '2024-11-30 16:30:00'),
(5, 8, N'健身之路不孤單', '2025-01-20 05:40:00', '2025-01-20 06:15:00'),
(5, 2, N'這篇推爆🔥', '2025-04-06 15:47:00', '2025-04-06 17:43:00'),
(5, 18, N'這主題我剛好也在研究', '2024-12-06 19:09:00', '2024-12-06 21:05:00'),
(5, 14, N'好人一生平安', '2025-03-25 09:21:00', '2025-03-25 10:10:00'),
(5, 9, N'受益良多，感謝分享！', '2025-03-08 05:36:00', '2025-03-08 07:09:00'),
(40, 7, N'健身之路不孤單', '2025-04-10 14:09:00', '2025-04-10 15:56:00'),
(40, 3, N'太感謝了', '2025-03-31 16:27:00', '2025-03-31 17:10:00'),
(61, 17, N'好人一生平安', '2025-04-08 18:50:00', '2025-04-08 20:36:00'),
(61, 11, N'健身之路不孤單', '2025-04-20 23:59:00', '2025-04-21 00:51:00'),
(30, 16, N'好棒！', '2025-04-08 12:13:00', '2025-04-08 13:34:00'),
(30, 12, N'這篇推爆🔥', '2025-04-14 14:29:00', '2025-04-14 16:19:00'),
(30, 9, N'好棒！', '2025-04-25 15:34:00', '2025-04-25 15:50:00'),
(30, 9, N'這篇推爆🔥', '2025-04-12 11:18:00', '2025-04-12 12:27:00'),
(30, 8, N'這我學到了～', '2025-04-17 21:45:00', '2025-04-17 21:56:00'),
(39, 20, N'這主題我剛好也在研究', '2025-01-29 06:29:00', '2025-01-29 07:19:00'),
(39, 9, N'好人一生平安', '2025-03-19 02:20:00', '2025-03-19 03:35:00'),
(39, 8, N'這主題我剛好也在研究', '2025-01-02 11:14:00', '2025-01-02 12:37:00'),
(39, 17, N'這我學到了～', '2024-12-27 22:37:00', '2024-12-27 23:37:00'),
(39, 11, N'健身之路不孤單', '2025-02-15 06:12:00', '2025-02-15 08:10:00'),
(4, 12, N'想請教一下細節', '2025-03-30 21:17:00', '2025-03-30 22:27:00'),
(4, 8, N'這主題我剛好也在研究', '2025-02-28 10:00:00', '2025-02-28 10:46:00'),
(4, 11, N'好棒！', '2025-02-18 11:43:00', '2025-02-18 13:28:00'),
(51, 18, N'健身之路不孤單', '2025-01-16 03:04:00', '2025-01-16 04:33:00'),
(51, 2, N'這篇推爆🔥', '2025-04-06 06:48:00', '2025-04-06 08:44:00'),
(51, 7, N'受益良多，感謝分享！', '2025-04-07 05:19:00', '2025-04-07 05:44:00'),
(51, 7, N'健身之路不孤單', '2025-04-30 00:00:00', '2025-04-30 02:00:00'),
(51, 1, N'好人一生平安', '2025-01-27 07:23:00', '2025-01-27 09:19:00'),
(6, 18, N'這主題我剛好也在研究', '2025-04-22 03:11:00', '2025-04-22 04:22:00'),
(6, 7, N'感謝整理這麼清楚', '2024-12-17 16:09:00', '2024-12-17 17:56:00'),
(6, 4, N'想請教一下細節', '2025-03-31 02:33:00', '2025-03-31 03:20:00'),
(6, 9, N'想請教一下細節', '2025-01-01 14:47:00', '2025-01-01 15:25:00'),
(6, 13, N'太感謝了', '2025-02-16 01:12:00', '2025-02-16 03:03:00'),
(6, 4, N'好人一生平安', '2024-12-16 00:18:00', '2024-12-16 01:55:00'),
(10, 7, N'感謝整理這麼清楚', '2025-03-12 02:13:00', '2025-03-12 04:01:00'),
(10, 2, N'好棒！', '2025-02-12 01:30:00', '2025-02-12 03:03:00'),
(10, 9, N'好棒！', '2025-01-08 15:04:00', '2025-01-08 16:23:00'),
(10, 6, N'感謝整理這麼清楚', '2025-02-06 04:16:00', '2025-02-06 04:58:00'),
(49, 5, N'健身之路不孤單', '2025-04-07 05:53:00', '2025-04-07 07:32:00'),
(49, 5, N'好人一生平安', '2025-03-27 12:06:00', '2025-03-27 13:16:00'),
(49, 16, N'好棒！', '2025-02-25 23:31:00', '2025-02-26 00:03:00'),
(46, 14, N'這我學到了～', '2025-04-19 01:36:00', '2025-04-19 02:35:00'),
(46, 15, N'好人一生平安', '2025-04-08 05:20:00', '2025-04-08 06:53:00'),
(46, 10, N'健身之路不孤單', '2025-04-23 11:00:00', '2025-04-23 12:40:00'),
(46, 12, N'好棒！', '2025-03-29 23:34:00', '2025-03-30 00:00:00'),
(46, 14, N'想請教一下細節', '2025-04-25 18:53:00', '2025-04-25 20:51:00'),
(46, 17, N'健身之路不孤單', '2025-04-17 16:00:00', '2025-04-17 16:30:00'),
(57, 10, N'好人一生平安', '2025-03-16 21:50:00', '2025-03-16 22:38:00'),
(57, 4, N'受益良多，感謝分享！', '2025-02-25 13:20:00', '2025-02-25 14:54:00'),
(57, 18, N'受益良多，感謝分享！', '2025-04-21 23:54:00', '2025-04-22 01:32:00'),
(57, 9, N'這我學到了～', '2025-02-12 18:32:00', '2025-02-12 19:28:00'),
(57, 9, N'好棒！', '2025-01-28 07:28:00', '2025-01-28 08:54:00'),
(45, 12, N'受益良多，感謝分享！', '2025-04-09 23:05:00', '2025-04-10 00:43:00'),
(45, 15, N'健身之路不孤單', '2025-04-02 23:10:00', '2025-04-02 23:34:00'),
(45, 13, N'這主題我剛好也在研究', '2025-02-28 13:49:00', '2025-02-28 14:14:00'),
(45, 11, N'這我學到了～', '2025-03-19 16:49:00', '2025-03-19 18:23:00'),
(45, 11, N'感謝整理這麼清楚', '2025-02-22 23:29:00', '2025-02-23 00:25:00'),
(45, 17, N'好人一生平安', '2025-04-07 16:36:00', '2025-04-07 18:00:00'),
(19, 11, N'好棒！', '2025-01-16 10:35:00', '2025-01-16 12:16:00'),
(19, 13, N'這主題我剛好也在研究', '2025-01-24 16:40:00', '2025-01-24 18:21:00'),
(19, 8, N'好人一生平安', '2025-01-17 17:24:00', '2025-01-17 18:23:00'),
(12, 2, N'感謝整理這麼清楚', '2025-04-04 19:31:00', '2025-04-04 21:03:00'),
(12, 12, N'想請教一下細節', '2025-04-06 05:28:00', '2025-04-06 06:36:00'),
(12, 15, N'想請教一下細節', '2025-04-14 22:51:00', '2025-04-14 23:42:00'),
(12, 2, N'這主題我剛好也在研究', '2025-04-14 18:35:00', '2025-04-14 19:46:00'),
(12, 10, N'這我學到了～', '2025-04-13 05:55:00', '2025-04-13 06:16:00'),
(50, 6, N'受益良多，感謝分享！', '2025-04-30 00:00:00', '2025-04-30 01:23:00'),
(50, 4, N'健身之路不孤單', '2025-04-29 02:22:00', '2025-04-29 03:17:00'),
(50, 12, N'這我學到了～', '2025-03-15 14:16:00', '2025-03-15 15:50:00'),
(50, 6, N'好人一生平安', '2025-03-06 19:28:00', '2025-03-06 20:38:00'),
(50, 2, N'想請教一下細節', '2025-02-27 06:29:00', '2025-02-27 08:22:00'),
(50, 5, N'好人一生平安', '2025-02-15 18:58:00', '2025-02-15 19:29:00');
GO

-- 插入 user_friend 好友關係
INSERT INTO [user_friend] ([user_id], [friend_id], [created_at])
VALUES 
(1, 3, '2024-12-05 02:42:11'),
(3, 1, '2024-12-05 02:42:11'),
(1, 9, '2024-12-09 11:15:54'),
(9, 1, '2024-12-09 11:15:54'),
(1, 4, '2025-02-10 17:01:25'),
(4, 1, '2025-02-10 17:01:25'),
(1, 10, '2025-02-26 03:05:42'),
(10, 1, '2025-02-26 03:05:42'),
(1, 19, '2025-01-15 10:41:51'),
(19, 1, '2025-01-15 10:41:51'),
(1, 17, '2025-03-03 15:10:09'),
(17, 1, '2025-03-03 15:10:09'),
(1, 18, '2025-04-12 21:36:50'),
(18, 1, '2025-04-12 21:36:50'),
(2, 3, '2025-02-10 08:32:31'),
(3, 2, '2025-02-10 08:32:31'),
(2, 18, '2025-04-11 23:42:04'),
(18, 2, '2025-04-11 23:42:04'),
(2, 5, '2025-03-23 05:19:01'),
(5, 2, '2025-03-23 05:19:01'),
(2, 10, '2024-12-22 16:36:44'),
(10, 2, '2024-12-22 16:36:44'),
(2, 6, '2025-02-28 10:44:10'),
(6, 2, '2025-02-28 10:44:10'),
(2, 4, '2024-12-17 20:53:15'),
(4, 2, '2024-12-17 20:53:15'),
(2, 15, '2025-01-10 04:09:12'),
(15, 2, '2025-01-10 04:09:12'),
(3, 4, '2025-03-25 11:55:04'),
(4, 3, '2025-03-25 11:55:04'),
(3, 8, '2025-04-11 22:20:46'),
(8, 3, '2025-04-11 22:20:46'),
(3, 10, '2025-02-07 06:47:59'),
(10, 3, '2025-02-07 06:47:59'),
(3, 20, '2024-12-07 01:14:04'),
(20, 3, '2024-12-07 01:14:04'),
(3, 11, '2025-01-18 04:44:47'),
(11, 3, '2025-01-18 04:44:47'),
(4, 17, '2025-03-25 22:57:50'),
(17, 4, '2025-03-25 22:57:50'),
(4, 9, '2024-12-27 12:47:12'),
(9, 4, '2024-12-27 12:47:12'),
(4, 21, '2025-01-12 04:40:09'),
(21, 4, '2025-01-12 04:40:09'),
(4, 14, '2025-01-17 18:51:59'),
(14, 4, '2025-01-17 18:51:59'),
(4, 15, '2025-01-24 21:27:48'),
(15, 4, '2025-01-24 21:27:48'),
(5, 12, '2025-02-25 02:17:02'),
(12, 5, '2025-02-25 02:17:02'),
(5, 14, '2025-01-09 13:10:30'),
(14, 5, '2025-01-09 13:10:30'),
(1, 5, '2024-12-21 01:50:40'),
(5, 1, '2024-12-21 01:50:40'),
(5, 9, '2025-04-19 15:25:05'),
(9, 5, '2025-04-19 15:25:05'),
(5, 16, '2025-02-02 21:33:26'),
(16, 5, '2025-02-02 21:33:26'),
(5, 13, '2025-04-10 04:20:51'),
(13, 5, '2025-04-10 04:20:51'),
(5, 10, '2025-01-04 20:01:38'),
(10, 5, '2025-01-04 20:01:38'),
(11, 13, '2025-02-08 19:26:32'),
(13, 11, '2025-02-08 19:26:32'),
(1, 16, '2025-01-27 20:47:59'),
(16, 1, '2025-01-27 20:47:59'),
(19, 21, '2025-01-29 02:12:01'),
(21, 19, '2025-01-29 02:12:01'),
(5, 19, '2025-04-22 06:44:21'),
(19, 5, '2025-04-22 06:44:21'),
(10, 14, '2025-01-04 07:23:26'),
(14, 10, '2025-01-04 07:23:26'),
(2, 13, '2025-03-06 02:55:15'),
(13, 2, '2025-03-06 02:55:15'),
(17, 20, '2025-02-19 16:16:41'),
(20, 17, '2025-02-19 16:16:41'),
(14, 21, '2025-04-02 13:29:12'),
(21, 14, '2025-04-02 13:29:12'),
(18, 19, '2025-02-27 20:18:34'),
(19, 18, '2025-02-27 20:18:34'),
(3, 12, '2025-01-25 13:42:03'),
(12, 3, '2025-01-25 13:42:03'),
(5, 18, '2025-04-08 23:45:30'),
(18, 5, '2025-04-08 23:45:30'),
(7, 21, '2025-02-23 18:02:50'),
(21, 7, '2025-02-23 18:02:50'),
(1, 14, '2025-03-08 15:49:10'),
(14, 1, '2025-03-08 15:49:10'),
(6, 12, '2025-02-01 12:33:50'),
(12, 6, '2025-02-01 12:33:50'),
(11, 17, '2025-03-17 05:13:21'),
(17, 11, '2025-03-17 05:13:21'),
(1, 13, '2025-03-09 23:13:11'),
(13, 1, '2025-03-09 23:13:11'),
(8, 13, '2025-01-14 13:10:48'),
(13, 8, '2025-01-14 13:10:48'),
(13, 21, '2024-12-12 06:13:31'),
(21, 13, '2024-12-12 06:13:31'),
(5, 17, '2025-02-27 07:05:55'),
(17, 5, '2025-02-27 07:05:55'),
(2, 21, '2024-12-15 03:33:21'),
(21, 2, '2024-12-15 03:33:21'),
(6, 14, '2024-12-10 12:53:50'),
(14, 6, '2024-12-10 12:53:50'),
(13, 17, '2024-12-19 03:41:46'),
(17, 13, '2024-12-19 03:41:46'),
(8, 11, '2025-02-02 19:21:34'),
(11, 8, '2025-02-02 19:21:34'),
(9, 18, '2024-12-06 17:02:31'),
(18, 9, '2024-12-06 17:02:31'),
(14, 16, '2025-03-04 00:55:27'),
(16, 14, '2025-03-04 00:55:27'),
(11, 16, '2025-04-21 02:55:54'),
(16, 11, '2025-04-21 02:55:54'),
(1, 21, '2025-02-19 08:16:41'),
(21, 1, '2025-02-19 08:16:41'),
(2, 14, '2025-02-08 21:43:30'),
(14, 2, '2025-02-08 21:43:30')
GO
-- 插入 training_invitation 資料
INSERT INTO [training_invitation] ([sender_id], [receiver_id], [message], [status], [sent_at])
VALUES 
(16, 1, N'健身房見！', 'pending', '2025-02-05 20:47:59'),
(10, 1, N'一起來重訓吧！', 'pending', '2025-03-03 03:05:42'),
(4, 1, N'今天練腿要來嗎？', 'pending', '2025-02-13 17:01:25'),
(4, 2, N'熱身後來個二頭訓練！', 'pending', '2025-01-04 20:53:15'),
(13, 2, N'一起挑戰深蹲PR！', 'pending', '2025-03-30 02:55:15'),
(5, 2, N'陪我跑步好嗎？', 'pending', '2025-04-10 05:19:01'),
(2, 3, N'陪我跑步好嗎？', 'pending', '2025-02-16 08:32:31'),
(4, 3, N'週末有空嗎？一起練胸', 'pending', '2025-04-05 11:55:04'),
(8, 3, N'一起挑戰深蹲PR！', 'pending', '2025-05-06 22:20:46'),
(15, 4, N'週末有空嗎？一起練胸', 'pending', '2025-01-30 21:27:48'),
(2, 4, N'陪我跑步好嗎？', 'pending', '2024-12-26 20:53:15'),
(17, 4, N'來試試新教練的菜單', 'pending', '2025-04-11 22:57:50'),
(1, 5, N'我今天練腿，你要來嗎？', 'pending', '2025-01-04 01:50:40'),
(18, 5, N'來試試新教練的菜單', 'pending', '2025-04-18 23:45:30'),
(19, 5, N'一起挑戰深蹲PR！', 'pending', '2025-05-02 06:44:21')
GO

-- 插入新的 post_like 假資料
INSERT INTO [post_like] ([user_id], [post_id], [created_at])
VALUES
(19, 48, '2025-02-07 14:51:00'),
(12, 30, '2024-11-23 08:26:00'),
(16, 60, '2024-11-11 23:25:00'),
(2, 13, '2024-11-13 18:09:00'),
(19, 24, '2025-03-31 17:00:00'),
(9, 53, '2025-01-12 14:29:00'),
(13, 30, '2025-02-15 04:15:00'),
(17, 44, '2024-11-04 18:14:00'),
(11, 56, '2025-01-29 21:03:00'),
(6, 48, '2025-04-17 13:38:00'),
(1, 53, '2025-04-06 08:04:00'),
(17, 48, '2025-01-21 02:51:00'),
(16, 11, '2025-04-22 11:10:00'),
(3, 45, '2025-02-12 10:50:00'),
(2, 7, '2025-03-18 04:53:00'),
(1, 62, '2025-02-25 18:03:00'),
(5, 17, '2024-11-14 23:09:00'),
(9, 63, '2025-03-05 20:30:00'),
(2, 39, '2025-04-21 22:03:00'),
(4, 53, '2025-03-30 18:22:00'),
(16, 7, '2025-02-18 15:15:00'),
(18, 30, '2024-11-19 11:31:00'),
(8, 53, '2025-01-06 04:42:00'),
(1, 16, '2024-11-18 14:24:00'),
(1, 11, '2024-11-15 18:51:00'),
(17, 45, '2025-02-03 17:49:00'),
(20, 6, '2025-01-30 18:38:00'),
(5, 23, '2024-11-25 20:51:00'),
(15, 12, '2024-12-10 02:56:00'),
(10, 39, '2025-03-13 02:39:00'),
(11, 3, '2025-02-27 07:37:00'),
(13, 27, '2024-12-14 22:57:00'),
(5, 28, '2025-03-12 09:21:00'),
(16, 1, '2025-04-16 17:27:00'),
(9, 11, '2025-04-24 00:56:00'),
(19, 41, '2024-11-23 02:48:00'),
(18, 21, '2025-04-08 03:18:00'),
(19, 39, '2025-03-27 06:22:00'),
(8, 11, '2025-04-28 20:39:00'),
(11, 38, '2025-04-25 06:47:00'),
(19, 50, '2024-12-18 22:38:00'),
(2, 59, '2025-01-23 08:33:00'),
(4, 30, '2025-02-26 01:32:00'),
(17, 22, '2025-01-11 22:46:00'),
(18, 16, '2025-03-15 03:55:00'),
(13, 14, '2024-12-10 10:56:00'),
(10, 57, '2024-11-16 23:41:00'),
(3, 65, '2024-11-22 00:34:00'),
(2, 57, '2025-01-17 21:38:00'),
(12, 19, '2025-03-20 06:47:00'),
(1, 58, '2025-04-17 17:27:00'),
(14, 11, '2025-03-08 13:07:00'),
(2, 48, '2025-02-15 14:44:00'),
(4, 39, '2025-02-07 06:03:00'),
(18, 58, '2024-12-08 13:22:00'),
(12, 2, '2024-12-08 17:23:00'),
(4, 16, '2024-11-25 17:49:00'),
(2, 14, '2024-11-21 18:10:00'),
(10, 16, '2025-01-12 23:50:00'),
(8, 39, '2024-12-29 20:58:00'),
(9, 51, '2024-12-02 22:58:00'),
(14, 57, '2024-11-27 00:46:00'),
(16, 10, '2025-04-05 14:07:00'),
(19, 11, '2025-01-03 00:36:00'),
(9, 61, '2025-01-20 04:35:00'),
(3, 6, '2025-04-11 02:51:00'),
(17, 30, '2025-02-08 00:23:00'),
(17, 7, '2025-03-20 01:50:00'),
(15, 63, '2024-11-03 10:39:00'),
(4, 63, '2025-01-07 14:21:00'),
(4, 48, '2025-03-19 21:09:00'),
(3, 20, '2024-11-02 19:41:00'),
(3, 11, '2024-12-05 14:58:00'),
(16, 46, '2025-04-05 13:16:00'),
(2, 27, '2025-02-26 09:26:00'),
(9, 34, '2025-03-15 02:24:00'),
(9, 30, '2025-02-23 00:19:00'),
(5, 22, '2025-03-26 05:05:00'),
(6, 23, '2025-04-17 09:02:00'),
(14, 39, '2025-04-23 03:46:00'),
(5, 39, '2025-01-29 16:07:00'),
(13, 48, '2025-03-05 17:30:00'),
(6, 16, '2025-01-06 23:28:00'),
(10, 11, '2024-12-26 19:06:00'),
(4, 52, '2024-12-27 16:35:00'),
(7, 16, '2025-01-03 16:30:00'),
(16, 63, '2025-01-24 14:45:00'),
(4, 5, '2024-11-23 23:06:00'),
(2, 1, '2024-11-04 06:45:00'),
(1, 63, '2025-03-04 14:28:00'),
(14, 16, '2025-04-26 16:18:00'),
(17, 53, '2025-03-16 17:55:00'),
(8, 16, '2025-03-31 17:01:00'),
(6, 3, '2025-01-23 10:27:00'),
(1, 20, '2025-01-08 11:25:00'),
(2, 11, '2024-12-28 12:53:00'),
(10, 46, '2025-03-13 02:43:00'),
(1, 27, '2024-11-16 21:18:00'),
(5, 4, '2025-02-21 09:44:00'),
(4, 54, '2025-03-07 12:41:00'),
(5, 3, '2024-11-24 11:52:00'),
(5, 47, '2025-04-30 09:35:00'),
(17, 10, '2025-04-03 13:31:00'),
(5, 37, '2025-04-21 04:23:00'),
(6, 44, '2024-12-21 10:39:00'),
(11, 16, '2024-11-06 03:03:00'),
(5, 27, '2025-04-01 02:36:00'),
(6, 46, '2024-12-01 06:09:00'),
(1, 51, '2024-11-05 16:06:00'),
(2, 21, '2025-01-16 21:04:00'),
(4, 59, '2025-04-05 04:55:00'),
(5, 34, '2025-02-08 08:17:00'),
(5, 30, '2025-01-19 08:15:00'),
(2, 54, '2024-11-03 23:40:00'),
(4, 58, '2025-03-30 20:04:00'),
(14, 61, '2024-12-03 11:35:00'),
(9, 29, '2025-04-15 13:54:00'),
(13, 53, '2025-02-18 17:38:00'),
(4, 56, '2025-01-02 12:07:00'),
(3, 53, '2024-11-13 03:15:00'),
(13, 16, '2025-03-26 12:18:00'),
(18, 32, '2024-11-04 16:34:00'),
(5, 7, '2025-02-05 16:33:00'),
(7, 39, '2024-12-28 17:24:00'),
(10, 5, '2025-03-07 19:07:00'),
(10, 53, '2024-11-29 20:18:00'),
(19, 16, '2025-02-10 11:10:00'),
(20, 20, '2024-11-27 03:46:00'),
(2, 24, '2025-03-17 18:40:00'),
(1, 1, '2025-02-20 07:24:00'),
(2, 29, '2025-01-16 14:11:00'),
(1, 36, '2025-04-22 22:57:00'),
(3, 13, '2025-03-30 22:09:00'),
(3, 27, '2025-03-23 20:41:00'),
(4, 42, '2025-03-25 01:45:00'),
(15, 15, '2025-01-11 17:22:00'),
(20, 16, '2024-11-25 04:26:00'),
(1, 48, '2025-01-16 19:19:00'),
(11, 11, '2024-12-15 01:11:00'),
(5, 42, '2024-11-26 20:02:00'),
(11, 50, '2024-11-17 06:16:00'),
(4, 26, '2025-02-17 20:02:00'),
(3, 46, '2025-04-14 21:12:00'),
(4, 2, '2025-01-22 17:48:00'),
(2, 61, '2025-04-21 21:52:00'),
(2, 46, '2024-11-25 14:35:00'),
(18, 53, '2025-03-01 01:44:00'),
(5, 46, '2024-12-10 23:04:00'),
(15, 44, '2025-01-20 18:48:00'),
(6, 53, '2024-12-03 02:29:00'),
(17, 63, '2025-01-19 19:01:00'),
(4, 7, '2025-01-07 14:39:00'),
(20, 37, '2024-12-16 22:06:00'),
(5, 11, '2025-02-13 17:37:00'),
(4, 9, '2024-12-30 14:45:00'),
(2, 25, '2024-11-18 16:53:00'),
(20, 53, '2025-04-23 11:37:00'),
(7, 48, '2024-12-31 19:24:00'),
(20, 63, '2025-01-16 15:29:00'),
(2, 65, '2024-12-21 06:18:00'),
(8, 36, '2024-12-10 17:40:00'),
(3, 40, '2025-04-12 14:30:00'),
(18, 6, '2025-03-08 09:33:00'),
(2, 38, '2025-03-30 07:36:00'),
(7, 59, '2025-01-27 09:09:00'),
(15, 65, '2025-01-02 04:49:00'),
(5, 24, '2024-11-18 11:45:00'),
(3, 29, '2025-02-25 20:11:00'),
(14, 48, '2024-11-15 23:15:00'),
(6, 52, '2025-04-17 09:18:00'),
(2, 15, '2024-12-10 20:45:00'),
(17, 11, '2024-12-24 00:03:00'),
(6, 56, '2025-02-19 11:11:00'),
(10, 30, '2025-01-12 22:02:00'),
(18, 48, '2025-03-04 12:19:00'),
(1, 33, '2025-04-07 08:48:00'),
(14, 30, '2025-02-02 18:42:00'),
(9, 43, '2025-02-11 03:31:00'),
(13, 39, '2025-01-30 20:06:00'),
(14, 63, '2025-03-15 12:32:00'),
(11, 41, '2025-03-20 22:19:00'),
(7, 25, '2025-01-13 21:43:00'),
(3, 39, '2024-11-27 20:51:00'),
(5, 54, '2024-12-17 23:13:00'),
(20, 11, '2024-12-26 22:19:00'),
(4, 12, '2024-12-04 13:44:00'),
(12, 11, '2025-03-25 00:15:00'),
(4, 55, '2024-11-12 08:17:00'),
(1, 8, '2025-02-08 01:06:00'),
(18, 46, '2024-11-13 17:09:00'),
(20, 30, '2025-01-17 16:07:00'),
(18, 15, '2025-04-06 00:49:00'),
(14, 5, '2025-03-31 00:29:00'),
(2, 50, '2024-12-12 00:30:00'),
(8, 46, '2025-02-04 11:57:00'),
(14, 4, '2025-02-03 01:33:00'),
(2, 47, '2025-01-15 08:52:00'),
(16, 39, '2025-01-10 18:22:00'),
(10, 47, '2025-04-08 18:30:00'),
(1, 7, '2025-03-13 09:29:00'),
(9, 27, '2025-01-11 10:52:00'),
(3, 41, '2025-03-07 10:02:00'),
(6, 33, '2025-01-28 02:04:00'),
(6, 11, '2025-02-21 09:01:00'),
(13, 38, '2024-12-08 05:38:00'),
(5, 43, '2025-04-08 17:59:00'),
(13, 22, '2025-02-26 14:06:00'),
(3, 2, '2025-02-18 21:25:00'),
(1, 34, '2025-04-06 21:52:00'),
(16, 37, '2025-01-22 23:54:00'),
(4, 43, '2024-11-15 05:42:00'),
(6, 26, '2025-03-28 03:06:00'),
(11, 48, '2024-11-12 22:10:00'),
(3, 35, '2024-11-15 09:19:00'),
(3, 36, '2024-12-12 02:09:00'),
(18, 39, '2025-03-26 17:50:00'),
(5, 55, '2024-12-01 08:25:00'),
(12, 39, '2024-12-28 23:32:00'),
(8, 48, '2025-01-17 13:41:00'),
(7, 53, '2025-04-25 06:30:00'),
(5, 63, '2025-03-01 09:00:00'),
(9, 35, '2024-11-03 21:35:00'),
(3, 10, '2025-04-18 15:07:00'),
(20, 9, '2024-11-14 09:38:00'),
(18, 11, '2025-01-12 04:31:00'),
(18, 64, '2025-01-22 21:55:00'),
(5, 32, '2025-04-14 05:54:00'),
(5, 48, '2024-11-12 18:35:00'),
(4, 21, '2025-01-29 23:42:00'),
(17, 16, '2025-04-21 13:21:00'),
(13, 46, '2025-01-18 23:09:00'),
(3, 7, '2024-12-18 02:36:00'),
(10, 18, '2024-12-28 22:41:00'),
(13, 60, '2025-01-21 16:51:00'),
(1, 39, '2025-03-02 06:36:00'),
(16, 53, '2024-11-24 12:31:00'),
(20, 48, '2024-12-18 07:02:00'),
(15, 48, '2025-02-11 08:54:00'),
(1, 60, '2025-02-28 01:07:00'),
(12, 40, '2025-03-19 15:22:00'),
(9, 48, '2025-03-14 02:45:00'),
(9, 19, '2025-03-02 03:51:00'),
(10, 17, '2025-03-08 03:09:00'),
(17, 28, '2025-02-14 08:59:00'),
(3, 17, '2025-04-12 15:43:00'),
(10, 63, '2025-01-29 18:49:00'),
(4, 11, '2025-01-31 19:30:00'),
(1, 46, '2025-04-21 09:42:00'),
(19, 63, '2024-11-02 13:02:00'),
(15, 46, '2025-01-29 16:42:00'),
(7, 12, '2025-01-29 02:59:00'),
(1, 30, '2024-11-12 10:46:00'),
(17, 49, '2025-04-22 21:45:00'),
(4, 32, '2025-03-16 23:02:00'),
(1, 14, '2025-01-21 04:27:00'),
(3, 19, '2025-03-16 01:08:00'),
(5, 16, '2025-01-19 10:58:00'),
(10, 7, '2025-04-13 18:44:00'),
(5, 13, '2025-02-22 08:03:00'),
(9, 31, '2025-02-18 16:31:00'),
(5, 49, '2025-03-04 12:12:00'),
(1, 64, '2025-02-10 18:14:00'),
(2, 4, '2025-01-29 19:51:00'),
(1, 31, '2025-02-17 10:57:00'),
(2, 33, '2025-01-23 04:09:00'),
(2, 16, '2024-11-18 09:12:00'),
(5, 9, '2025-02-10 07:46:00'),
(3, 64, '2025-03-15 22:57:00'),
(9, 23, '2025-01-26 06:45:00'),
(13, 42, '2025-02-05 12:54:00'),
(3, 25, '2024-12-12 15:38:00'),
(10, 48, '2025-01-14 04:40:00'),
(3, 48, '2025-02-17 05:01:00'),
(2, 28, '2025-02-23 23:01:00'),
(4, 62, '2024-12-02 04:54:00'),
(20, 7, '2024-12-13 20:32:00'),
(12, 53, '2025-01-07 12:57:00'),
(15, 16, '2024-12-24 21:04:00'),
(3, 18, '2025-03-19 18:04:00'),
(14, 31, '2025-03-10 06:06:00'),
(15, 55, '2024-11-19 17:04:00'),
(14, 62, '2025-03-31 06:41:00'),
(13, 11, '2024-12-06 15:16:00'),
(20, 35, '2025-02-18 06:19:00'),
(16, 48, '2024-11-09 11:07:00'),
(3, 30, '2025-02-13 12:18:00'),
(4, 45, '2025-02-21 06:26:00'),
(2, 30, '2025-03-14 23:48:00'),
(15, 11, '2025-01-02 06:43:00'),
(17, 18, '2024-12-16 19:48:00'),
(6, 7, '2024-12-01 23:55:00'),
(2, 8, '2025-04-22 17:09:00'),
(14, 52, '2024-12-17 07:47:00'),
(4, 46, '2025-01-25 13:48:00')
GO

-- 插入新的 post_favorite 假資料
INSERT INTO [post_favorite] ([user_id], [post_id], [created_at])
VALUES
(6, 18, '2025-04-28 21:20:00'),
(4, 9, '2024-12-13 18:03:00'),
(13, 42, '2025-04-10 17:15:00'),
(20, 20, '2024-12-01 16:54:00'),
(2, 11, '2025-04-21 01:27:00'),
(14, 49, '2025-04-14 04:59:00'),
(6, 11, '2025-01-17 04:37:00'),
(16, 13, '2024-12-04 07:19:00'),
(6, 20, '2025-03-26 06:17:00'),
(4, 2, '2024-11-11 19:36:00'),
(15, 32, '2025-01-07 03:47:00'),
(1, 42, '2025-04-20 14:11:00'),
(2, 41, '2025-04-18 21:00:00'),
(8, 11, '2024-11-21 10:10:00'),
(3, 24, '2024-11-09 19:04:00'),
(4, 32, '2025-01-12 21:27:00'),
(8, 32, '2024-11-23 22:54:00'),
(10, 29, '2025-01-24 08:40:00'),
(11, 37, '2025-03-28 22:20:00'),
(7, 30, '2024-11-03 13:21:00'),
(14, 8, '2024-12-13 01:59:00'),
(9, 12, '2025-04-20 10:41:00'),
(3, 35, '2024-12-27 09:25:00'),
(19, 34, '2024-12-23 23:35:00'),
(9, 51, '2024-11-11 06:27:00'),
(6, 27, '2024-11-13 06:05:00'),
(8, 61, '2024-11-14 23:14:00'),
(19, 61, '2025-02-07 22:56:00'),
(5, 16, '2025-04-18 06:52:00'),
(20, 35, '2024-12-31 10:37:00'),
(5, 25, '2024-11-27 20:57:00'),
(13, 60, '2024-11-21 10:32:00'),
(16, 1, '2025-04-01 08:59:00'),
(7, 62, '2025-03-31 17:52:00'),
(1, 30, '2025-03-02 00:09:00'),
(5, 64, '2024-12-25 20:04:00'),
(1, 23, '2024-11-24 13:16:00'),
(8, 38, '2025-01-24 03:01:00'),
(18, 18, '2024-12-16 13:43:00'),
(3, 51, '2024-12-16 08:05:00'),
(2, 31, '2025-01-19 08:13:00'),
(16, 30, '2025-02-04 23:48:00'),
(3, 60, '2025-01-03 07:22:00'),
(18, 48, '2025-04-07 02:30:00'),
(1, 62, '2025-01-26 21:54:00'),
(4, 40, '2025-02-15 08:22:00'),
(10, 19, '2025-04-30 17:50:00'),
(3, 16, '2024-12-20 22:00:00'),
(10, 3, '2025-04-17 03:17:00'),
(15, 54, '2025-02-03 21:04:00'),
(14, 46, '2025-03-19 13:09:00'),
(5, 43, '2024-11-23 12:14:00'),
(12, 58, '2024-12-10 17:16:00'),
(11, 38, '2025-03-03 19:27:00'),
(12, 12, '2025-04-07 03:51:00'),
(3, 9, '2024-11-29 00:43:00'),
(4, 63, '2025-01-10 06:06:00'),
(19, 8, '2025-04-15 02:13:00'),
(1, 11, '2024-11-07 06:43:00'),
(5, 27, '2025-04-20 07:41:00'),
(5, 45, '2025-04-27 21:12:00'),
(3, 57, '2025-02-17 23:15:00'),
(2, 37, '2025-04-15 01:40:00'),
(15, 31, '2025-01-19 08:40:00'),
(4, 65, '2025-04-23 20:12:00'),
(4, 28, '2025-03-31 03:45:00'),
(3, 59, '2025-03-26 01:26:00'),
(7, 20, '2024-11-17 23:22:00'),
(17, 6, '2025-03-24 21:09:00'),
(8, 21, '2024-12-09 23:26:00'),
(16, 4, '2024-12-28 04:12:00'),
(2, 53, '2024-11-03 18:40:00'),
(5, 15, '2024-12-19 17:02:00'),
(17, 26, '2025-04-04 18:58:00'),
(4, 44, '2025-02-08 03:23:00'),
(1, 38, '2025-02-09 11:10:00'),
(10, 50, '2025-02-23 14:24:00'),
(1, 56, '2025-04-29 02:59:00'),
(1, 1, '2025-04-07 06:50:00'),
(2, 64, '2025-04-18 09:02:00'),
(14, 38, '2025-02-08 10:34:00'),
(2, 18, '2025-02-28 10:51:00'),
(16, 11, '2024-11-18 11:19:00')
GO

-- 插入 payment 數據 (10筆)
INSERT INTO [payment] ([id], [order_id], [amount], [currency], [method], [status], [created_at], [paid_at])
VALUES ('b9e2c7d5-6b3a-4f8e-9a1c-0d5e8f4c3b2a', 1, 1200.00, 'TWD', 'CREDIT_CARD', 'COMPLETED', '2023-02-01 10:05:00', '2023-02-01 10:10:00'),
       ('7a8b9c0d-1e2f-3g4h-5i6j-7k8l9m0n1o2p', 2, 1650.00, 'TWD', 'CREDIT_CARD', 'COMPLETED', '2023-02-02 11:20:00', '2023-02-02 11:25:00'),
       ('a1b2c3d4-e5f6-g7h8-i9j0-k1l2m3n4o5p6', 3, 800.00, 'TWD', 'ALIPAY', 'COMPLETED', '2023-02-03 14:35:00', '2023-02-03 14:40:00'),
       ('c3d4e5f6-g7h8-i9j0-k1l2-m3n4o5p6q7r8', 5, 600.00, 'TWD', 'WECHAT_PAY', 'COMPLETED', '2023-02-05 08:15:00', '2023-02-05 08:20:00'),
       ('e5f6g7h8-i9j0-k1l2-m3n4-o5p6q7r8s9t0', 6, 300.00, 'TWD', 'CREDIT_CARD', 'COMPLETED', '2023-02-06 11:35:00', '2023-02-06 11:40:00'),
       ('g7h8i9j0-k1l2-m3n4-o5p6-q7r8s9t0u1v2', 7, 900.00, 'TWD', 'ALIPAY', 'COMPLETED', '2023-02-07 13:20:00', '2023-02-07 13:25:00'),
       ('i9j0k1l2-m3n4-o5p6-q7r8-s9t0u1v2w3x4', 8, 350.00, 'TWD', 'WECHAT_PAY', 'COMPLETED', '2023-02-08 15:45:00', '2023-02-08 15:50:00'),
       ('k1l2m3n4-o5p6-q7r8-s9t0-u1v2w3x4y5z6', 9, 1200.00, 'TWD', 'CREDIT_CARD', 'COMPLETED', '2023-02-09 17:30:00', '2023-02-09 17:35:00'),
       ('m3n4o5p6-q7r8-s9t0-u1v2-w3x4y5z6a7b8', 10, 250.00, 'TWD', 'ALIPAY', 'COMPLETED', '2023-02-10 19:05:00', '2023-02-10 19:10:00'),
       ('o5p6q7r8-s9t0-u1v2-w3x4-y5z6a7b8c9d0', 4, 2500.00, 'TWD', 'CREDIT_CARD', 'PENDING', '2023-02-04 16:50:00', NULL)
GO
