
	/*
		注意：user表格的插入數據是程式自動生成，user表要有數據才能執行part2! 不然就會報錯!
		如果不想插入測試數據可以先不執行part2!
	*/

use HealthManagement
-- 插入測試數據
-- 插入 user_point 數據 (20筆)
INSERT INTO [user_point] ([user_id], [points], [last_updated])
VALUES (1, 100, '2023-01-15 09:30:00'),
       (2, 500, '2023-01-16 10:15:00'),
       (3, 200, '2023-01-17 14:20:00'),
       (4, 300, '2023-01-18 16:45:00'),
       (5, 150, '2023-01-19 08:10:00'),
       (6, 50, '2023-01-20 11:30:00'),
       (7, 250, '2023-01-21 13:15:00'),
       (8, 350, '2023-01-22 15:40:00'),
       (9, 400, '2023-01-23 17:25:00'),
       (10, 450, '2023-01-24 19:00:00'),
       (11, 120, '2023-01-25 20:35:00'),
       (12, 220, '2023-01-26 09:50:00'),
       (13, 320, '2023-01-27 11:15:00'),
       (14, 420, '2023-01-28 14:30:00'),
       (15, 520, '2023-01-29 16:45:00'),
       (16, 620, '2023-01-30 18:10:00'),
       (17, 720, '2023-01-31 20:35:00'),
       (18, 820, '2023-02-01 09:00:00'),
       (19, 920, '2023-02-02 11:25:00'),
       (20, 1020, '2023-02-03 13:50:00')
GO

-- 插入 coach 數據 (20筆)
INSERT INTO [coach] ([name], [expertise])
VALUES ('李教練', '重量訓練'),
       ('王教練', '有氧運動'),
       ('張教練', '瑜伽'),
       ('陳教練', '拳擊'),
       ('林教練', '游泳'),
       ('黃教練', '舞蹈'),
       ('吳教練', '功能性訓練'),
       ('劉教練', 'HIIT'),
       ('蔡教練', '普拉提'),
       ('鄭教練', '體能訓練'),
       ('周教練', 'TRX'),
       ('高教練', 'CrossFit'),
       ('謝教練', '拳擊有氧'),
       ('羅教練', '太極'),
       ('葉教練', '街舞'),
       ('許教練', '芭蕾'),
       ('徐教練', '爵士舞'),
       ('蘇教練', '現代舞'),
       ('彭教練', '民族舞'),
       ('曾教練', '肚皮舞')
GO

-- 插入 product 數據 (20筆)
INSERT INTO [product] ([name], [description], [price], [stock_quantity], [image_url])
VALUES ('蛋白粉', '乳清蛋白粉，巧克力口味', 1200.00, 100, 'https://example.com/protein.jpg'),
       ('健身手套', '防滑透氣健身手套', 450.00, 50, 'https://example.com/gloves.jpg'),
       ('瑜伽墊', '加厚防滑瑜伽墊', 800.00, 30, 'https://example.com/mat.jpg'),
       ('啞鈴組', '可調節重量啞鈴組', 2500.00, 20, 'https://example.com/dumbbell.jpg'),
       ('彈力帶', '5種阻力彈力帶組', 600.00, 40, 'https://example.com/band.jpg'),
       ('跳繩', '競速跳繩', 300.00, 60, 'https://example.com/rope.jpg'),
       ('健身腰帶', '舉重腰帶', 900.00, 25, 'https://example.com/belt.jpg'),
       ('運動水壺', '750ml運動水壺', 350.00, 80, 'https://example.com/bottle.jpg'),
       ('健身服套裝', '透氣排汗健身服', 1200.00, 35, 'https://example.com/clothes.jpg'),
       ('運動襪', '防滑運動襪3雙組', 250.00, 90, 'https://example.com/socks.jpg'),
       ('健身背包', '多功能健身背包', 1500.00, 15, 'https://example.com/bag.jpg'),
       ('按摩滾筒', '高密度泡沫滾筒', 700.00, 30, 'https://example.com/roller.jpg'),
       ('運動毛巾', '速乾運動毛巾', 200.00, 70, 'https://example.com/towel.jpg'),
       ('健身日誌', '健身記錄本', 180.00, 50, 'https://example.com/journal.jpg'),
       ('心率錶', '藍牙心率監測錶', 2800.00, 10, 'https://example.com/watch.jpg'),
       ('健身APP會員', '一年期健身APP會員', 1200.00, 999, 'https://example.com/app.jpg'),
       ('運動耳機', '無線運動耳機', 1600.00, 20, 'https://example.com/earphone.jpg'),
       ('健身課程DVD', '全套健身課程DVD', 950.00, 15, 'https://example.com/dvd.jpg'),
       ('健身書籍', '健身營養全書', 550.00, 25, 'https://example.com/book.jpg'),
       ('運動護腕', '支撐型運動護腕', 380.00, 40, 'https://example.com/wristband.jpg')
GO

-- 插入 course 數據 (20筆)
INSERT INTO [course] ([name], [description], [date], [coach_id], [duration], [max_capacity])
VALUES ('初級瑜伽', '適合初學者的瑜伽課程', '2023-03-01', 3, 60, 15),
       ('重量訓練入門', '學習基本重量訓練技巧', '2023-03-02', 1, 90, 10),
       ('有氧舞蹈', '燃脂有氧舞蹈課程', '2023-03-03', 6, 60, 20),
       ('高強度間歇訓練', 'HIIT高強度間歇訓練', '2023-03-04', 8, 45, 12),
       ('普拉提核心訓練', '強化核心肌群的普拉提', '2023-03-05', 9, 60, 15),
       ('拳擊有氧', '結合拳擊的有氧運動', '2023-03-06', 4, 60, 12),
       ('TRX全身訓練', '懸吊訓練系統課程', '2023-03-07', 11, 60, 10),
       ('功能性訓練', '提升日常功能性的訓練', '2023-03-08', 7, 60, 12),
       ('游泳技巧', '提升游泳技巧的課程', '2023-03-09', 5, 90, 8),
       ('舞蹈基礎', '各種舞蹈基礎訓練', '2023-03-10', 6, 60, 15),
       ('進階瑜伽', '適合有經驗者的瑜伽', '2023-03-11', 3, 75, 12),
       ('重量訓練進階', '進階重量訓練技巧', '2023-03-12', 1, 90, 8),
       ('有氧搏擊', '燃脂有氧搏擊課程', '2023-03-13', 13, 60, 15),
       ('CrossFit基礎', 'CrossFit基礎訓練', '2023-03-14', 12, 90, 10),
       ('太極養生', '太極養生課程', '2023-03-15', 14, 60, 15),
       ('街舞入門', '街舞基礎課程', '2023-03-16', 15, 60, 15),
       ('芭蕾塑形', '芭蕾舞塑形課程', '2023-03-17', 16, 60, 12),
       ('爵士舞', '爵士舞課程', '2023-03-18', 17, 60, 15),
       ('現代舞', '現代舞課程', '2023-03-19', 18, 60, 12),
       ('肚皮舞', '肚皮舞課程', '2023-03-20', 20, 60, 15)
GO

-- 插入 order 數據 (20筆)
INSERT INTO [order] ([user_id], [total_amount], [status], [created_at])
VALUES (1, 1200.00, 'completed', '2023-02-01 10:00:00'),
       (2, 1650.00, 'completed', '2023-02-02 11:15:00'),
       (3, 800.00, 'completed', '2023-02-03 14:30:00'),
       (4, 2500.00, 'pending', '2023-02-04 16:45:00'),
       (5, 600.00, 'completed', '2023-02-05 08:10:00'),
       (6, 300.00, 'completed', '2023-02-06 11:30:00'),
       (7, 900.00, 'completed', '2023-02-07 13:15:00'),
       (8, 350.00, 'completed', '2023-02-08 15:40:00'),
       (9, 1200.00, 'completed', '2023-02-09 17:25:00'),
       (10, 250.00, 'completed', '2023-02-10 19:00:00'),
       (11, 1500.00, 'pending', '2023-02-11 20:35:00'),
       (12, 700.00, 'completed', '2023-02-12 09:50:00'),
       (13, 200.00, 'completed', '2023-02-13 11:15:00'),
       (14, 180.00, 'completed', '2023-02-14 14:30:00'),
       (15, 2800.00, 'completed', '2023-02-15 16:45:00'),
       (16, 1200.00, 'completed', '2023-02-16 18:10:00'),
       (17, 1600.00, 'completed', '2023-02-17 20:35:00'),
       (18, 950.00, 'pending', '2023-02-18 09:00:00'),
       (19, 550.00, 'completed', '2023-02-19 11:25:00'),
       (20, 380.00, 'completed', '2023-02-20 13:50:00')
GO

-- 插入 order_item 數據 (20筆)
INSERT INTO [order_item] ([order_id], [product_id], [course_id], [quantity], [subtotal])
VALUES (1, 1, NULL, 1, 1200.00),
       (2, 2, NULL, 1, 450.00),
       (2, 9, NULL, 1, 1200.00),
       (3, 3, NULL, 1, 800.00),
       (4, 4, NULL, 1, 2500.00),
       (5, 5, NULL, 1, 600.00),
       (6, 6, NULL, 1, 300.00),
       (7, 7, NULL, 1, 900.00),
       (8, 8, NULL, 1, 350.00),
       (9, 9, NULL, 1, 1200.00),
       (10, 10, NULL, 1, 250.00),
       (11, 11, NULL, 1, 1500.00),
       (12, 12, NULL, 1, 700.00),
       (13, 13, NULL, 1, 200.00),
       (14, 14, NULL, 1, 180.00),
       (15, 15, NULL, 1, 2800.00),
       (16, 16, NULL, 1, 1200.00),
       (17, 17, NULL, 1, 1600.00),
       (18, 18, NULL, 1, 950.00),
       (19, 19, NULL, 1, 550.00),
       (20, 20, NULL, 1, 380.00)
GO

-- 插入 cart_item 數據 (20筆)
INSERT INTO [cart_item] ([user_id], [product_id], [course_id], [quantity], [added_at])
VALUES (1, 1, NULL, 1, '2023-02-21 10:00:00'),
       (2, NULL, 1, 1, '2023-02-21 11:15:00'),
       (3, 2, NULL, 1, '2023-02-21 14:30:00'),
       (4, NULL, 2, 1, '2023-02-21 16:45:00'),
       (5, 3, NULL, 1, '2023-02-22 08:10:00'),
       (6, NULL, 3, 1, '2023-02-22 11:30:00'),
       (7, 4, NULL, 1, '2023-02-22 13:15:00'),
       (8, NULL, 4, 1, '2023-02-22 15:40:00'),
       (9, 5, NULL, 1, '2023-02-23 17:25:00'),
       (10, NULL, 5, 1, '2023-02-23 19:00:00'),
       (11, 6, NULL, 1, '2023-02-23 20:35:00'),
       (12, NULL, 6, 1, '2023-02-24 09:50:00'),
       (13, 7, NULL, 1, '2023-02-24 11:15:00'),
       (14, NULL, 7, 1, '2023-02-24 14:30:00'),
       (15, 8, NULL, 1, '2023-02-25 16:45:00'),
       (16, NULL, 8, 1, '2023-02-25 18:10:00'),
       (17, 9, NULL, 1, '2023-02-25 20:35:00'),
       (18, NULL, 9, 1, '2023-02-26 09:00:00'),
       (19, 10, NULL, 1, '2023-02-26 11:25:00'),
       (20, NULL, 10, 1, '2023-02-26 13:50:00')
GO

-- 插入 body_metrics 表
INSERT INTO [body_metrics] ([user_id], [weight], [body_fat], [muscle_mass], [waist_circumference], [hip_circumference], [height], [bmi], [date_recorded]) VALUES
(1, 70.5, 18.2, 55.1, 85.3, 98.7, 175.0, 22.9, '2024-01-01'),
(2, 85.0, 25.5, 58.8, 95.0, 105.5, 180.5, 26.1, '2024-01-05'),
(3, 62.3, 22.1, 48.5, 78.9, 90.1, 165.0, 22.9, '2024-01-10'),
(4, 92.7, 15.8, 68.2, 102.5, 110.0, 185.0, 27.0, '2024-01-15'),
(5, 58.9, 28.7, 42.0, 75.0, 86.3, 160.0, 23.0, '2024-01-20'),
(6, 78.1, 19.5, 59.9, 88.0, 101.2, 178.0, 24.6, '2024-02-01'),
(7, 88.5, 23.0, 65.0, 98.5, 108.9, 182.5, 26.6, '2024-02-05'),
(8, 65.0, 17.0, 52.5, 80.0, 92.0, 170.0, 22.5, '2024-02-10'),
(9, 95.2, 16.5, 70.1, 105.0, 112.5, 190.0, 26.4, '2024-02-15'),
(10, 60.0, 25.0, 45.0, 76.5, 88.0, 163.0, 22.6, '2024-02-20'),
(11, 72.8, 20.0, 56.5, 86.8, 99.5, 176.5, 23.5, '2024-03-01'),
(12, 82.0, 24.0, 60.0, 93.0, 103.0, 179.0, 25.6, '2024-03-05'),
(13, 68.5, 18.8, 54.0, 82.5, 95.0, 172.0, 23.1, '2024-03-10'),
(14, 90.0, 17.5, 67.0, 100.0, 109.0, 187.0, 25.8, '2024-03-15'),
(15, 61.5, 26.0, 46.5, 78.0, 89.5, 166.0, 22.4, '2024-03-20'),
(16, 75.3, 21.5, 58.0, 87.5, 100.5, 177.0, 24.0, '2024-04-01'),
(17, 86.7, 22.5, 63.5, 97.0, 107.0, 181.0, 26.5, '2024-04-05'),
(18, 63.8, 19.2, 50.0, 79.5, 91.0, 168.0, 22.6, '2024-04-10'),
(19, 93.5, 15.0, 69.0, 103.5, 111.0, 188.5, 26.3, '2024-04-15'),
(20, 59.2, 27.0, 43.5, 76.0, 87.5, 161.5, 22.7, '2024-04-20');
GO

-- 插入 exercise_records 表
INSERT INTO [exercise_records] ([user_id], [exercise_type], [exercise_duration], [calories_burned], [exercise_date]) VALUES
(1, '跑步', 30, 300.5, '2024-01-02'),
(2, '游泳', 45, 450.0, '2024-01-06'),
(3, '瑜珈', 60, 180.2, '2024-01-11'),
(4, '重訓', 75, 500.7, '2024-01-16'),
(5, '跳繩', 20, 250.0, '2024-01-21'),
(6, '跑步', 40, 400.0, '2024-02-02'),
(7, '騎自行車', 60, 550.3, '2024-02-06'),
(8, '皮拉提斯', 50, 150.8, '2024-02-11'),
(9, 'HIIT', 35, 480.5, '2024-02-16'),
(10, '快走', 55, 280.0, '2024-02-21'),
(11, '游泳', 35, 350.2, '2024-03-02'),
(12, '重訓', 60, 420.9, '2024-03-06'),
(13, '跑步機', 50, 410.0, '2024-03-11'),
(14, '有氧舞蹈', 45, 380.6, '2024-03-16'),
(15, '划船機', 40, 360.0, '2024-03-21'),
(16, '籃球', 60, 400.1, '2024-04-02'),
(17, '足球', 70, 600.8, '2024-04-06'),
(18, '網球', 55, 450.5, '2024-04-11'),
(19, '爬山', 90, 700.0, '2024-04-16'),
(20, '拳擊', 45, 520.3, '2024-04-21');
GO

-- 插入 nutrition_records 表
INSERT INTO [nutrition_records] ([user_id], [food_name], [calories], [protein], [carbs], [fats], [mealtime], [record_date]) VALUES
(1, '燕麥粥配水果', 350, 12.5, 60.2, 8.1, '早餐', '2024-01-02 08:00'),
(2, '雞胸肉沙拉', 420, 35.8, 25.5, 15.0, '午餐', '2024-01-06 12:30'),
(3, '烤鮭魚配蔬菜', 550, 40.1, 30.7, 25.2, '晚餐', '2024-01-11 19:00'),
(4, '希臘優格配堅果', 280, 18.0, 15.3, 17.5, '點心', '2024-01-16 16:00'),
(5, '全麥三明治', 380, 20.5, 45.0, 12.3, '午餐', '2024-01-21 13:00'),
(6, '雞蛋吐司', 300, 15.2, 30.8, 12.0, '早餐', '2024-02-02 07:30'),
(7, '牛肉炒飯', 600, 25.9, 70.5, 22.6, '晚餐', '2024-02-06 19:30'),
(8, '水果沙拉', 150, 2.3, 35.0, 1.5, '點心', '2024-02-11 15:30'),
(9, '義大利麵配肉醬', 580, 28.7, 65.2, 20.1, '午餐', '2024-02-16 12:00'),
(10, '豆腐蔬菜湯', 250, 10.0, 20.5, 15.5, '晚餐', '2024-02-21 18:30'),
(11, '藍莓鬆餅', 400, 8.5, 55.0, 18.2, '早餐', '2024-03-02 09:00'),
(12, '豬排配馬鈴薯', 650, 38.0, 40.7, 35.3, '晚餐', '2024-03-06 20:00'),
(13, '堅果棒', 200, 6.2, 25.0, 9.5, '點心', '2024-03-11 17:00'),
(14, '魚排三明治', 450, 22.1, 50.3, 18.6, '午餐', '2024-03-16 13:30'),
(15, '蔬菜炒麵', 520, 15.8, 68.0, 20.4, '晚餐', '2024-03-21 19:00'),
(16, '香蕉牛奶', 220, 7.0, 30.5, 8.8, '早餐', '2024-04-02 08:30'),
(17, '蝦仁炒飯', 580, 23.5, 65.7, 25.9, '午餐', '2024-04-06 12:00'),
(18, '雞肉捲餅', 480, 26.2, 48.0, 22.1, '晚餐', '2024-04-11 19:30'),
(19, '綜合堅果', 300, 10.5, 12.3, 25.8, '點心', '2024-04-16 16:30'),
(20, '鮪魚沙拉', 350, 28.0, 10.1, 22.5, '午餐', '2024-04-21 13:00');
GO



-- 插入 fitness_goals 表 (20 筆) 
INSERT INTO [fitness_goals] ([user_id], [goal_type], [target_value], [current_progress], [unit], [start_date], [end_date], [status]) VALUES
(1, N'減重', 65.0, 68.5, N'公斤', '2024-01-01', '2024-03-31', N'已達成'),
(2, N'增肌', 60.0, 59.0, N'公斤', '2024-01-05', '2024-04-05', N'進行中'),
(3, N'增肌', 62.0, 61.5, N'公斤', '2024-01-10', '2024-02-29', N'未達成'), 
(4, N'減重', 85.0, 83.0, N'公斤', '2024-01-15', '2024-04-15', N'進行中'),
(5, N'減脂', 10.0, 12.0, N'百分比', '2024-01-20', '2024-03-20', N'已達成'), 
(6, N'增肌', 62.0, 61.5, N'公斤', '2024-02-01', '2024-05-01', N'進行中'),
(7, N'增肌', 52.0, 55.0, N'公斤', '2024-02-05', '2024-04-30', N'已達成'),
(8, N'減重', 60.0, 60.5, N'公斤', '2024-02-10', '2024-05-10', N'已達成'),
(9, N'減脂', 5.0, 4.5, N'百分比', '2024-02-15', '2024-03-15', N'進行中'), 
(10, N'增肌', 48.0, 47.0, N'公斤', '2024-02-20', '2024-05-20', N'進行中'),
(11, N'增肌', 45.0, 50.0, N'公斤', '2024-03-01', '2024-05-31', N'已達成'),
(12, N'減重', 78.0, 79.0, N'公斤', '2024-03-05', '2024-06-05', N'進行中'),
(13, N'減脂', 15.0, 15.5, N'百分比', '2024-03-10', '2024-06-10', N'已達成'), 
(14, N'增肌', 65.0, 63.0, N'公斤', '2024-03-15', '2024-06-15', N'進行中'),
(15, N'增肌', 32.0, 30.0, N'公斤', '2024-03-20', '2024-06-20', N'進行中'), 
(16, N'減重', 72.0, 70.0, N'公斤', '2024-03-25', '2024-06-25', N'進行中'),
(17, N'增肌', 55.0, 56.0, N'公斤', '2024-03-30', '2024-06-30', N'進行中'),
(18, N'增肌', 65.0, 70.0, N'公斤', '2024-04-01', '2024-07-01', N'進行中'), 
(19, N'減脂', 20.0, 18.0, N'百分比', '2024-04-05', '2024-07-05', N'進行中'),
(20, N'減重', 90.0, 88.0, N'公斤', '2024-04-10', '2024-07-10', N'進行中');
GO



-- 插入 achievement_definitions 表
INSERT INTO [achievement_definitions] ([achievement_type],[title], [description], [image_url], [trigger_event]) VALUES
('FIRST_WORKOUT', N'初學者', N'完成了你的第一次運動紀錄！', '/images/1_workouts.png', 'WORKOUT_CREATED'),
('5_WORKOUTS', N'小試身手', N'完成了 5 次運動紀錄。', '/images/5_workouts.png', 'WORKOUT_CREATED'),
('10_WORKOUTS', N'持之以恆', N'完成了 10 次運動紀錄。', '/images/10_workouts.png', 'WORKOUT_CREATED'),
('LOGIN_1_DAY', N'新手報到', N'登入平台 1 天。', '/images/LOGIN_1_DAY.png', 'USER_LOGGED_IN'),
('LOGIN_3_DAYS', N'持續關注', N'連續登入平台 3 天。', '/images/LOGIN_3_DAYS.png', 'USER_LOGGED_IN'),
('LOGIN_7_DAYS', N'忠實用戶', N'連續登入平台 7 天。', '/images/LOGIN_7_DAYS.png', 'USER_LOGGED_IN'),
('GOAL_CREATED', N'目標設定者', N'設定了你的第一個健身目標。', '/images/GOAL_CREATED.png', 'GOAL_CREATED'),
('GOAL_COMPLETED_1', N'初次達標', N'完成了一個健身目標。', '/images/GOAL_COMPLETED_1.png', 'GOAL_COMPLETED'),
('GOAL_COMPLETED_5', N'小有成就', N'完成了 5 個健身目標。', '/images/GOAL_COMPLETED_5.png', 'GOAL_COMPLETED'),
('FIRST_BODY_DATA', N'身體記錄者', N'記錄了你的第一次身體數據。', '/images/FIRST_BODY_DATA.png', 'BODY_DATA_CREATED'),
('10_BODY_DATA', N'數據追蹤者', N'記錄了 10 次身體數據。', '/images/10_BODY_DATA.png', 'BODY_DATA_CREATED'),
('FIRST_DIET_LOG', N'飲食記錄者', N'記錄了你的第一條飲食數據。', '/images/FIRST_DIET_LOG.png', 'DIET_DATA_CREATED'),
('10_DIET_LOGS', N'飲食觀察家', N'記錄了 10 條飲食數據。', '/images/10_DIET_LOGS.png', 'DIET_DATA_CREATED'),
('FIRST_POST', N'發言新人', N'發表了你的第一篇文章。', '/images/FIRST_POST.png', 'SOCIAL_POST_CREATED'),
('5_POSTS', N'活躍用戶', N'發表了 5 篇文章。', '/images/5_POSTS.png', 'SOCIAL_POST_CREATED'),
('FIRST_COMMENT', N'熱情回覆', N'發表了你的第一條評論。', '/images/FIRST_COMMENT.png', 'SOCIAL_COMMENT_CREATED'),
('5_COMMENTS', N'積極互動', N'發表了 5 條評論。', '/images/5_COMMENTS.png', 'SOCIAL_COMMENT_CREATED'),
('25_WORKOUTS', N'健身愛好者', N'完成了 25 次運動紀錄。', '/images/25_workouts.png', 'WORKOUT_CREATED'),
('50_WORKOUTS', N'健身達人', N'完成了 50 次運動紀錄。', '/images/50_workouts.png', 'WORKOUT_CREATED'),
('LOGIN_30_DAYS', N'長期支持', N'連續登入平台 30 天。', '/images/LOGIN_30_DAYS.png', 'USER_LOGGED_IN'),
('LOGIN_90_DAYS', N'忠實夥伴', N'連續登入平台 90 天。', '/images/LOGIN_90_DAYS.png', 'USER_LOGGED_IN'),
('GOAL_COMPLETED_10', N'成就滿滿', N'完成了 10 個健身目標。', '/images/GOAL_COMPLETED_10.png', 'GOAL_COMPLETED'),
('GOAL_COMPLETED_25', N'大師級別', N'完成了 25 個健身目標。', '/images/GOAL_COMPLETED_25.png', 'GOAL_COMPLETED'),
('25_BODY_DATA', N'數據分析師', N'記錄了 25 次身體數據。', '/images/25_BODY_DATA.png', 'BODY_DATA_CREATED'),
('25_DIET_LOGS', N'美食記錄家', N'記錄了 25 條飲食數據。', '/images/25_DIET_LOGS.png', 'DIET_DATA_CREATED'),
('10_POSTS', N'論壇意見領袖', N'發表了 10 篇文章。', '/images/10_POSTS.png', 'SOCIAL_POST_CREATED'),
('10_COMMENTS', N'社群活躍者', N'發表了 10 條評論。', '/images/10_COMMENTS.png', 'SOCIAL_COMMENT_CREATED'),
('ULTIMATE_FITNESS', N'健康宗師', N'在平台上的各個方面都表現出色。', '/images/ULTIMATE_FITNESS.png', NULL), -- 這個可能需要更具體的觸發事件
('EARLY_BIRD', N'早起的鳥兒', N'在每天早上 6 點前完成運動。', '/images/EARLY_BIRD.png', 'WORKOUT_CREATED'), -- 或許需要一個定時檢查的觸發事件
('WEEKLY_WARRIOR', N'本週勇者', N'本週完成至少 3 次運動。', '/images/WEEKLY_WARRIOR.png', 'WORKOUT_CREATED'), -- 或許需要一個每週檢查的觸發事件
('SOCIAL_BUTTERFLY', N'社群蝴蝶', N'參與了 3 個不同的論壇主題。', '/images/SOCIAL_BUTTERFLY.png', 'SOCIAL_INTERACTION'); -- 你可能需要定義一個新的事件

GO

-- 插入 social_post 數據 (20筆)
INSERT INTO [social_post] ([category], [title], [content], [user_id], [created_at], [updated_at])
VALUES ('fitness', '我的健身旅程', '分享我從開始健身到現在的心得...', 1, '2023-02-01 10:00:00', '2023-02-01 10:00:00'),
       ('nutrition', '健康飲食建議', '分享一些我認為很有效的健康飲食方法...', 2, '2023-02-02 11:15:00',
        '2023-02-02 11:15:00'),
       ('recipe', '高蛋白早餐食譜', '這是我每天早上都會吃的高蛋白早餐...', 3, '2023-02-03 14:30:00',
        '2023-02-03 14:30:00'),
       ('fitness', '重量訓練技巧', '分享一些重量訓練的基本技巧...', 4, '2023-02-04 16:45:00', '2023-02-04 16:45:00'),
       ('motivation', '堅持運動的秘訣', '如何保持運動習慣不間斷...', 5, '2023-02-05 08:10:00', '2023-02-05 08:10:00'),
       ('nutrition', '增肌飲食計劃', '我的增肌飲食計劃分享...', 6, '2023-02-06 11:30:00', '2023-02-06 11:30:00'),
       ('fitness', '在家健身指南', '沒有時間去健身房？在家也能有效健身...', 7, '2023-02-07 13:15:00',
        '2023-02-07 13:15:00'),
       ('recipe', '減脂餐食譜', '分享我的減脂餐食譜...', 8, '2023-02-08 15:40:00', '2023-02-08 15:40:00'),
       ('fitness', '跑步訓練計劃', '我的半馬訓練計劃分享...', 9, '2023-02-09 17:25:00', '2023-02-09 17:25:00'),
       ('motivation', '克服平台期', '如何克服健身平台期...', 10, '2023-02-10 19:00:00', '2023-02-10 19:00:00'),
       ('nutrition', '運動後補充', '運動後該如何正確補充營養...', 11, '2023-02-11 20:35:00', '2023-02-11 20:35:00'),
       ('fitness', '核心訓練指南', '強化核心肌群的訓練方法...', 12, '2023-02-12 09:50:00', '2023-02-12 09:50:00'),
       ('recipe', '健康點心食譜', '分享幾款健康的點心食譜...', 13, '2023-02-13 11:15:00', '2023-02-13 11:15:00'),
       ('fitness', '彈力帶訓練', '如何用彈力帶進行全身訓練...', 14, '2023-02-14 14:30:00', '2023-02-14 14:30:00'),
       ('motivation', '設定健身目標', '如何設定合理的健身目標...', 15, '2023-02-15 16:45:00', '2023-02-15 16:45:00'),
       ('nutrition', '蛋白質攝取指南', '每天該攝取多少蛋白質...', 16, '2023-02-16 18:10:00', '2023-02-16 18:10:00'),
       ('fitness', '啞鈴訓練計劃', '我的啞鈴全身訓練計劃...', 17, '2023-02-17 20:35:00', '2023-02-17 20:35:00'),
       ('recipe', '增肌餐食譜', '分享我的增肌餐食譜...', 18, '2023-02-18 09:00:00', '2023-02-18 09:00:00'),
       ('fitness', 'HIIT訓練指南', '高強度間歇訓練的注意事項...', 19, '2023-02-19 11:25:00', '2023-02-19 11:25:00'),
       ('motivation', '保持運動熱情', '如何長期保持運動熱情...', 20, '2023-02-20 13:50:00', '2023-02-20 13:50:00')
GO

-- 插入 comment 數據 (20筆)
INSERT INTO [comment] ([post_id], [user_id], [text], [created_at], [updated_at])
VALUES (1, 2, '寫得真好，我也要開始健身了！', '2023-02-01 11:00:00', '2023-02-01 11:00:00'),
       (2, 3, '這些飲食建議很實用，謝謝分享！', '2023-02-02 12:15:00', '2023-02-02 12:15:00'),
       (3, 4, '明天就來試試這個食譜！', '2023-02-03 15:30:00', '2023-02-03 15:30:00'),
       (4, 5, '重量訓練的技巧很專業！', '2023-02-04 17:45:00', '2023-02-04 17:45:00'),
       (5, 6, '堅持運動真的很重要！', '2023-02-05 09:10:00', '2023-02-05 09:10:00'),
       (6, 7, '增肌飲食計劃很詳細！', '2023-02-06 12:30:00', '2023-02-06 12:30:00'),
       (7, 8, '在家健身的指南很實用！', '2023-02-07 14:15:00', '2023-02-07 14:15:00'),
       (8, 9, '減脂餐看起來很好吃！', '2023-02-08 16:40:00', '2023-02-08 16:40:00'),
       (9, 10, '跑步計劃很科學！', '2023-02-09 18:25:00', '2023-02-09 18:25:00'),
       (10, 11, '克服平台期的方法很有幫助！', '2023-02-10 20:00:00', '2023-02-10 20:00:00'),
       (11, 12, '運動後補充的建議很專業！', '2023-02-11 21:35:00', '2023-02-11 21:35:00'),
       (12, 13, '核心訓練的方法很有效！', '2023-02-12 10:50:00', '2023-02-12 10:50:00'),
       (13, 14, '健康點心食譜很適合我！', '2023-02-13 12:15:00', '2023-02-13 12:15:00'),
       (14, 15, '彈力帶訓練很方便！', '2023-02-14 15:30:00', '2023-02-14 15:30:00'),
       (15, 16, '設定目標真的很重要！', '2023-02-15 17:45:00', '2023-02-15 17:45:00'),
       (16, 17, '蛋白質攝取的指南很詳細！', '2023-02-16 19:10:00', '2023-02-16 19:10:00'),
       (17, 18, '啞鈴訓練計劃很全面！', '2023-02-17 21:35:00', '2023-02-17 21:35:00'),
       (18, 19, '增肌餐看起來很美味！', '2023-02-18 10:00:00', '2023-02-18 10:00:00'),
       (19, 20, 'HIIT訓練真的很有效！', '2023-02-19 12:25:00', '2023-02-19 12:25:00'),
       (20, 1, '保持運動熱情的方法很棒！', '2023-02-20 14:50:00', '2023-02-20 14:50:00')
GO